File Size (MB),No of Tags,XML Depth,No of Attributes,No of Elements,CPU Cores,Memory Usage (MB),Efficient_Algo
0.12,718,2,6,1804,2,50,DOM
0.12,100,4,12,923,2,50,DOM
0.12,299,19,24,8815,1,131,PXTG
0.13,182,22,16,849,1,83,JDOM
0.14,490,3,15,1503,1,50,DOM
0.14,532,11,40,1321,1,133,JDOM
0.15,100,19,18,460,2,197,JDOM
0.15,999,14,35,1293,2,50,JDOM
0.15,936,3,27,1541,2,50,DOM
0.16,950,14,35,1424,2,50,PXTG
0.16,255,30,42,627,1,79,JDOM
0.16,100,15,32,6116,12,71,SAX
0.16,100,14,19,273,1,234,JDOM
0.17,100,18,33,3958,14,50,SAX
0.17,100,22,37,6538,2,114,PXTG
0.18,100,20,44,1106,1,50,PXTG
0.18,956,13,11,7829,2,139,PXTG
0.18,505,18,21,566,2,54,JDOM
0.19,100,9,53,5313,4,152,SAX
0.19,100,25,14,1461,4,50,SAX
0.19,538,8,13,1442,1,242,DOM
0.19,100,12,36,914,1,52,JDOM
0.21,537,9,26,239,1,205,DOM
0.21,824,2,7,1222,1,50,DOM
0.23,100,13,24,681,2,67,JDOM
0.24,486,8,39,5166,8,50,SAX
0.26,100,24,45,1260,2,50,JDOM
0.26,100,12,26,6462,4,160,SAX
0.26,334,26,33,129,2,125,JDOM
0.27,909,14,24,1131,1,171,JDOM
0.28,100,3,21,1316,2,304,DOM
0.28,100,7,26,1095,1,89,DOM
0.29,100,28,41,230,1,57,JDOM
0.3,100,4,35,4106,4,66,SAX
0.3,706,15,56,4217,6,50,SAX
0.31,100,17,31,725,2,50,PXTG
0.31,974,3,24,4864,14,50,SAX
0.31,832,6,14,1016,1,50,DOM
0.31,100,18,29,3002,1,184,PXTG
0.32,112,10,22,1038,1,50,DOM
0.33,100,21,21,9184,16,50,SAX
0.33,100,29,22,1305,1,65,JDOM
0.33,100,3,10,1019,2,50,DOM
0.33,526,14,42,740,2,303,JDOM
0.34,1037,7,36,7149,12,50,SAX
0.34,237,10,21,1071,1,102,JDOM
0.35,100,6,26,796,1,194,DOM
0.35,100,7,17,491,2,50,DOM
0.35,100,2,24,2957,12,143,SAX
0.35,100,13,30,130,2,85,JDOM
0.36,416,14,3,9443,14,50,SAX
0.36,851,9,9,1648,2,50,DOM
0.37,284,2,13,4201,10,50,SAX
0.37,175,8,2,519,2,50,DOM
0.38,922,25,35,404,2,50,JDOM
0.38,100,2,4,1335,2,50,DOM
0.38,100,14,38,654,1,54,JDOM
0.39,100,4,19,1870,2,242,DOM
0.39,100,12,7,4428,6,245,SAX
0.41,941,2,12,1439,1,50,DOM
0.41,115,10,9,1769,1,132,DOM
0.42,733,16,43,1471,2,50,JDOM
0.42,100,16,39,4562,10,290,SAX
0.42,906,15,22,181,1,220,JDOM
0.43,112,20,31,8997,8,258,SAX
0.43,100,16,3,8563,4,294,SAX
0.44,100,30,45,519,2,235,JDOM
0.44,100,10,15,463,1,281,DOM
0.46,100,10,4,1720,1,50,DOM
0.46,100,8,27,1482,1,292,DOM
0.46,239,9,12,742,2,50,DOM
0.46,847,7,53,8485,4,135,SAX
0.47,100,21,17,919,1,59,JDOM
0.47,429,19,41,270,16,116,SAX
0.48,820,5,12,2173,6,50,SAX
0.48,532,13,36,1297,2,50,JDOM
0.49,437,22,38,6870,1,86,PXTG
0.49,401,30,52,8893,12,240,SAX
0.49,100,10,4,983,1,50,DOM
0.5,174,9,19,1609,1,315,DOM
0.5,626,30,8,7125,12,50,SAX
0.52,100,26,37,4714,14,226,SAX
0.52,812,23,40,8221,10,72,SAX
0.52,100,5,8,1705,12,50,SAX
0.52,100,15,36,313,2,226,JDOM
0.52,100,3,3,371,2,90,DOM
0.53,100,25,35,254,2,50,JDOM
0.54,100,4,19,1905,2,71,DOM
0.54,636,5,18,988,2,50,DOM
0.54,100,11,35,210,2,50,JDOM
0.54,1043,7,24,1265,2,51,DOM
0.54,100,5,9,8665,16,158,SAX
0.54,100,10,18,946,1,50,JDOM
0.55,100,28,43,168,10,50,SAX
0.55,477,9,1,1613,2,110,DOM
0.55,417,3,10,415,1,50,DOM
0.55,105,3,11,212,2,246,DOM
0.56,100,17,29,1452,1,82,JDOM
0.57,694,5,18,1124,2,50,DOM
0.59,942,11,36,1436,1,50,JDOM
0.6,538,9,23,1404,1,50,DOM
0.6,100,24,22,4994,2,306,PXTG
0.61,861,9,26,1213,2,59,DOM
0.61,100,29,45,2233,4,50,SAX
0.62,100,9,9,302,4,50,SAX
0.62,872,15,21,962,1,50,JDOM
0.63,100,26,25,386,2,50,JDOM
0.63,100,6,15,1697,1,208,DOM
0.63,241,30,20,749,2,165,JDOM
0.63,100,7,26,1527,2,50,DOM
0.64,640,7,19,737,1,50,DOM
0.64,100,27,45,417,1,50,JDOM
0.64,100,27,34,675,1,305,JDOM
0.65,934,27,3,6773,10,297,SAX
0.65,851,28,24,1382,2,139,JDOM
0.65,100,6,28,1748,2,50,DOM
0.65,100,19,27,1047,6,303,SAX
0.66,100,27,30,668,1,77,JDOM
0.66,100,2,24,287,1,50,DOM
0.66,100,11,47,5221,4,50,SAX
0.66,371,22,47,3474,8,150,SAX
0.67,535,3,9,839,2,138,DOM
0.67,100,6,9,1499,1,160,DOM
0.69,100,9,13,736,2,122,DOM
0.69,160,9,16,1450,2,89,DOM
0.69,100,10,20,1335,2,50,DOM
0.69,100,24,45,1036,1,309,JDOM
0.69,100,5,12,533,1,124,DOM
0.7,615,26,37,1189,1,219,JDOM
0.71,100,10,1,428,1,159,DOM
0.71,100,7,11,257,6,50,SAX
0.72,100,26,9,7449,8,50,SAX
0.72,100,14,45,1207,1,253,JDOM
0.72,151,29,16,602,10,50,SAX
0.72,996,30,32,5205,10,50,SAX
0.73,991,19,32,484,1,50,JDOM
0.74,799,5,10,1025,2,50,DOM
0.74,100,24,19,1630,16,50,SAX
0.74,100,10,3,1408,2,252,DOM
0.74,100,29,42,746,1,50,JDOM
0.75,314,18,35,1208,2,50,JDOM
0.75,762,22,22,4475,2,225,PXTG
0.76,707,16,20,359,1,254,JDOM
0.77,100,22,20,376,1,235,JDOM
0.77,625,13,21,770,2,50,JDOM
0.78,100,5,11,1305,1,50,DOM
0.78,638,8,4,1612,2,262,DOM
0.79,375,28,44,780,1,283,JDOM
0.79,353,4,3,1234,2,50,DOM
0.79,366,22,22,510,2,133,JDOM
0.79,100,23,24,375,2,205,JDOM
0.79,920,15,15,693,2,162,JDOM
0.8,280,20,25,232,2,60,JDOM
0.8,100,29,44,1007,2,92,JDOM
0.81,100,8,20,976,1,142,DOM
0.82,821,20,36,138,2,50,JDOM
0.82,100,10,1,1347,2,50,DOM
0.82,100,14,29,863,1,87,JDOM
0.83,358,14,27,6382,1,50,PXTG
0.83,882,18,10,7308,1,50,PXTG
0.83,1017,4,31,8806,6,189,SAX
0.83,371,28,26,540,2,297,JDOM
0.83,306,18,33,1340,1,50,JDOM
0.83,926,9,20,539,1,320,DOM
0.84,975,17,37,1337,1,50,JDOM
0.84,395,10,12,1426,2,191,DOM
0.84,100,23,34,8001,1,50,PXTG
0.85,100,28,35,358,1,50,JDOM
0.85,100,6,7,1189,1,50,DOM
0.85,584,13,35,6087,2,66,PXTG
0.85,100,13,25,3848,1,174,PXTG
0.86,100,5,6,681,2,180,DOM
0.86,100,5,11,1567,2,50,DOM
0.86,1064,29,19,252,4,62,SAX
0.86,100,7,23,832,1,50,DOM
0.87,100,5,28,656,1,306,DOM
0.87,100,26,21,973,1,307,JDOM
0.88,100,8,19,3968,14,50,SAX
0.88,100,19,45,1043,1,149,JDOM
0.88,454,27,23,1069,2,50,JDOM
0.89,232,2,17,330,2,94,DOM
0.89,100,3,24,862,1,50,DOM
0.89,754,10,11,381,2,50,DOM
0.9,806,6,16,928,2,50,DOM
0.9,743,16,39,7092,8,50,SAX
0.9,291,6,31,9055,8,111,SAX
0.91,100,22,30,1064,1,50,JDOM
0.91,100,24,53,2422,4,50,SAX
0.92,398,9,34,2958,2,50,PXTG
0.92,100,27,34,1089,1,174,JDOM
0.92,424,3,6,524,1,50,DOM
0.93,764,4,19,1711,1,204,DOM
0.93,295,12,28,547,2,69,JDOM
0.94,796,2,9,1294,1,50,DOM
0.94,100,11,30,1372,1,50,JDOM
0.95,586,15,32,921,2,50,JDOM
0.95,100,5,12,650,2,225,DOM
0.95,588,21,39,198,1,276,JDOM
0.96,900,13,38,8108,2,126,PXTG
0.96,100,4,1,1546,2,288,DOM
0.97,100,22,56,7047,8,199,SAX
0.99,100,4,12,1888,1,102,DOM
1,100,27,7,4026,14,182,SAX
1,920,30,31,312,1,50,JDOM
1.01,682,16,59,7776,6,50,SAX
1.02,100,27,33,958,2,273,JDOM
1.02,100,14,26,3656,10,50,SAX
1.02,100,6,4,1681,2,50,DOM
1.03,100,12,13,4930,1,310,PXTG
1.04,100,2,24,1524,2,50,DOM
1.05,100,27,42,306,1,50,JDOM
1.05,100,29,36,707,1,50,JDOM
1.06,1012,2,22,171,1,50,DOM
1.07,461,10,25,8238,1,50,PXTG
1.08,100,8,17,1766,2,50,DOM
1.08,613,10,22,442,1,50,DOM
1.08,306,9,19,1468,2,326,DOM
1.1,100,10,58,7520,10,268,SAX
1.11,100,28,40,749,1,109,JDOM
1.12,1002,6,11,1036,2,50,DOM
1.12,1064,20,23,1027,2,50,JDOM
1.12,899,30,22,115,2,50,JDOM
1.12,151,17,38,7577,2,197,PXTG
1.13,617,22,35,1357,1,310,JDOM
1.14,805,2,2,1431,1,271,DOM
1.14,190,17,33,1476,2,50,JDOM
1.14,795,6,11,1482,2,53,DOM
1.14,778,23,9,1710,8,50,SAX
1.15,230,6,26,219,1,50,DOM
1.15,100,8,5,854,2,91,DOM
1.15,100,29,36,779,2,50,JDOM
1.16,100,19,27,487,2,86,JDOM
1.16,819,11,40,1095,2,266,JDOM
1.16,100,5,24,3586,14,74,SAX
1.17,100,15,27,976,2,50,JDOM
1.17,100,12,28,1309,1,50,JDOM
1.17,900,16,46,1437,1,179,PXTG
1.17,730,7,5,655,1,50,DOM
1.17,132,7,8,1514,2,284,DOM
1.18,426,9,14,1258,1,187,DOM
1.18,100,25,31,9292,4,298,SAX
1.19,100,8,10,5264,4,86,SAX
1.19,463,12,29,1301,1,50,JDOM
1.2,217,27,33,1356,2,298,JDOM
1.21,100,10,15,1339,1,304,JDOM
1.21,1051,9,30,187,2,50,DOM
1.22,692,14,57,4364,10,50,SAX
1.22,556,3,22,473,2,184,DOM
1.22,902,5,27,1028,2,50,DOM
1.22,100,26,15,164,2,157,JDOM
1.22,574,7,20,1987,2,173,DOM
1.22,581,15,28,760,2,167,JDOM
1.23,134,4,10,320,1,123,DOM
1.24,100,16,16,7673,6,312,SAX
1.24,719,27,27,1203,1,50,JDOM
1.25,100,2,10,1100,1,155,DOM
1.25,100,3,5,8005,12,50,SAX
1.25,895,28,40,336,1,50,JDOM
1.27,547,6,6,954,2,160,DOM
1.27,609,7,25,1885,2,83,DOM
1.27,316,8,6,1709,1,178,DOM
1.27,100,22,54,1384,10,50,SAX
1.27,100,8,9,413,2,324,DOM
1.27,722,6,8,1200,2,50,DOM
1.28,933,14,47,5195,12,274,SAX
1.28,766,15,19,889,1,50,JDOM
1.29,405,10,30,1975,1,100,DOM
1.29,741,4,20,1834,1,313,DOM
1.29,100,14,40,5276,6,193,SAX
1.29,100,27,38,4605,4,143,SAX
1.3,100,3,11,1736,1,50,DOM
1.31,507,3,2,2281,6,50,SAX
1.31,632,28,3,1750,4,190,SAX
1.31,100,8,1,1884,1,210,DOM
1.31,100,3,25,1166,1,50,DOM
1.31,100,13,21,1431,2,113,JDOM
1.32,100,22,18,7295,12,162,SAX
1.32,777,5,18,820,1,169,DOM
1.32,734,16,22,669,6,281,SAX
1.32,100,18,37,844,2,190,JDOM
1.32,100,29,36,201,1,152,JDOM
1.33,126,7,20,862,1,50,DOM
1.34,100,13,19,1116,1,50,JDOM
1.34,1017,17,12,1821,10,54,SAX
1.34,100,4,28,1122,1,226,DOM
1.35,100,22,34,1021,1,217,JDOM
1.35,100,6,19,564,1,230,DOM
1.35,431,23,18,344,2,50,JDOM
1.36,100,28,52,675,16,50,SAX
1.36,538,22,45,1220,2,54,JDOM
1.36,100,15,3,3727,8,50,SAX
1.37,100,10,21,152,1,50,DOM
1.37,287,23,16,1152,1,203,JDOM
1.37,294,16,34,1403,2,50,JDOM
1.38,100,18,14,2324,16,50,SAX
1.38,816,25,43,286,1,50,JDOM
1.4,100,4,12,831,2,50,DOM
1.4,555,5,26,386,1,168,DOM
1.4,938,13,20,1189,1,269,JDOM
1.41,501,6,25,3938,8,50,SAX
1.41,100,15,23,830,2,50,JDOM
1.42,100,30,22,220,1,253,JDOM
1.42,107,10,22,1182,1,114,DOM
1.43,567,9,18,531,2,50,DOM
1.43,100,21,42,360,1,118,JDOM
1.44,602,4,21,302,1,181,DOM
1.44,100,3,20,494,1,88,DOM
1.44,866,14,22,217,1,115,JDOM
1.46,100,11,25,449,2,50,JDOM
1.5,326,4,20,230,2,59,DOM
1.5,100,25,38,919,2,50,JDOM
1.51,100,2,1,1419,1,313,DOM
1.51,100,9,52,6943,4,53,SAX
1.51,227,17,17,273,2,104,JDOM
1.52,974,6,6,3750,4,50,SAX
1.52,100,17,30,927,2,258,JDOM
1.52,1110,5,26,370,2,50,DOM
1.55,989,12,56,2210,10,50,SAX
1.55,437,15,31,4640,6,239,SAX
1.55,100,22,57,7137,6,50,SAX
1.56,100,6,29,1817,2,192,DOM
1.57,100,3,14,132,1,50,DOM
1.57,100,9,44,3598,2,50,PXTG
1.59,1171,6,18,398,8,50,SAX
1.59,508,20,10,4997,2,212,PXTG
1.59,546,4,44,4314,16,50,SAX
1.59,520,2,5,1014,1,226,DOM
1.6,100,6,18,1432,2,246,DOM
1.6,1042,25,38,4372,2,300,PXTG
1.6,100,22,33,569,1,178,JDOM
1.6,100,10,12,1727,2,50,DOM
1.6,100,4,14,498,1,249,DOM
1.61,100,26,20,1050,2,97,JDOM
1.61,100,13,30,959,1,50,JDOM
1.62,1166,17,8,1252,4,184,SAX
1.62,100,11,22,1070,2,50,JDOM
1.62,654,23,18,1131,1,50,JDOM
1.63,786,8,1,1796,1,193,DOM
1.63,267,10,17,754,2,226,JDOM
1.63,100,12,10,5252,1,158,PXTG
1.63,357,26,31,749,2,248,JDOM
1.65,100,18,27,6661,2,50,PXTG
1.65,717,13,42,1443,1,50,JDOM
1.65,100,23,17,1277,2,150,JDOM
1.65,1020,17,20,565,1,50,JDOM
1.66,857,2,20,165,1,50,DOM
1.66,766,14,27,629,1,104,JDOM
1.66,917,14,52,7985,10,215,SAX
1.66,547,4,18,814,1,50,DOM
1.66,100,11,20,1040,1,50,JDOM
1.67,543,23,14,2637,8,50,SAX
1.67,151,21,56,750,14,101,SAX
1.68,100,21,54,7688,12,50,SAX
1.68,734,5,60,9128,6,50,SAX
1.68,700,6,25,1991,2,50,DOM
1.68,100,22,45,637,1,50,JDOM
1.69,1015,8,33,3126,2,50,PXTG
1.69,218,8,34,2758,2,50,PXTG
1.69,100,16,32,1108,2,50,JDOM
1.69,702,7,16,1780,2,50,DOM
1.69,111,29,58,1290,14,298,SAX
1.7,364,15,44,801,1,50,JDOM
1.7,100,10,29,1136,1,59,JDOM
1.7,100,6,12,1767,1,50,DOM
1.71,769,19,34,1168,10,50,SAX
1.71,651,16,17,1031,1,158,JDOM
1.71,936,8,22,1369,1,134,DOM
1.71,100,2,10,1676,1,148,DOM
1.71,100,17,15,1248,1,50,JDOM
1.71,338,7,10,1357,2,290,DOM
1.73,322,6,48,2309,6,50,SAX
1.73,685,18,36,1227,1,50,JDOM
1.73,1137,2,39,2885,12,50,SAX
1.73,1017,8,16,1617,1,50,DOM
1.75,100,22,44,8622,2,50,PXTG
1.75,524,6,24,430,1,64,DOM
1.76,584,4,3,1038,1,275,DOM
1.76,100,24,20,8958,10,98,SAX
1.76,1112,16,40,1473,2,306,JDOM
1.76,1166,22,30,829,2,52,JDOM
1.76,574,18,23,844,2,68,JDOM
1.77,331,19,45,6074,10,117,SAX
1.77,666,7,15,533,1,286,DOM
1.77,745,3,9,862,1,50,DOM
1.77,1244,11,30,1404,1,50,JDOM
1.77,100,10,8,1243,1,50,DOM
1.78,100,12,31,1502,16,96,SAX
1.78,137,2,30,3661,8,216,SAX
1.79,1060,25,17,1203,1,50,JDOM
1.8,1131,9,7,1574,2,50,DOM
1.81,100,8,15,337,2,50,DOM
1.81,100,16,60,5877,16,50,SAX
1.81,858,22,32,819,1,80,JDOM
1.82,633,29,42,1065,2,50,JDOM
1.82,820,28,21,602,2,149,JDOM
1.83,100,29,44,478,1,315,JDOM
1.83,1193,5,9,2844,14,112,SAX
1.83,100,15,23,1495,1,50,JDOM
1.83,100,30,24,106,1,50,JDOM
1.83,100,6,29,1303,1,50,DOM
1.83,100,16,39,556,1,50,JDOM
1.84,643,23,24,1006,1,318,JDOM
1.84,716,6,8,379,1,144,DOM
1.84,389,18,27,8301,1,223,PXTG
1.84,100,28,39,650,2,111,JDOM
1.85,598,6,1,1611,2,272,DOM
1.85,831,6,1,3867,8,50,SAX
1.87,697,7,12,1205,1,313,DOM
1.87,778,4,20,849,2,80,DOM
1.87,1021,2,25,1331,2,255,DOM
1.88,266,6,22,575,2,62,DOM
1.89,100,9,9,6740,8,50,SAX
1.89,464,8,10,8307,1,50,PXTG
1.9,357,5,26,624,2,50,DOM
1.91,100,22,36,6409,12,190,SAX
1.91,100,24,45,7491,2,197,PXTG
1.92,100,8,13,1596,1,50,DOM
1.92,871,10,15,1093,2,217,DOM
1.93,187,7,22,1356,1,112,DOM
1.93,826,5,23,1334,1,50,DOM
1.94,100,7,25,1065,1,94,DOM
1.96,290,26,42,264,1,50,JDOM
1.96,100,7,24,1358,1,177,DOM
1.96,339,15,16,762,1,182,JDOM
1.97,100,16,34,6909,1,64,PXTG
1.97,100,13,17,683,1,84,JDOM
1.98,849,2,6,886,2,50,DOM
1.98,1006,18,31,1052,1,137,JDOM
1.98,100,16,22,331,2,50,JDOM
2,100,20,4,7060,10,282,SAX
2,596,8,28,270,1,50,DOM
2,689,6,12,8526,14,50,SAX
2,416,10,9,438,1,72,DOM
2,100,10,10,1575,1,72,DOM
2.01,1030,11,43,1016,1,50,JDOM
2.02,873,17,18,936,2,50,JDOM
2.02,100,8,27,925,2,71,DOM
2.02,657,4,2,393,2,314,DOM
2.03,100,9,7,283,1,198,DOM
2.03,100,2,4,576,1,209,DOM
2.03,913,29,15,528,2,157,JDOM
2.04,100,22,16,944,2,266,JDOM
2.05,629,23,28,5755,4,50,SAX
2.05,368,6,9,4489,10,84,SAX
2.06,100,6,36,8029,8,139,SAX
2.07,100,12,49,4432,12,50,SAX
2.07,574,27,44,1338,2,131,JDOM
2.08,766,11,18,987,1,130,JDOM
2.08,1146,8,5,1984,1,277,DOM
2.08,171,22,39,965,1,50,JDOM
2.08,213,22,15,5015,2,50,PXTG
2.1,214,22,13,8414,1,311,PXTG
2.1,932,23,13,7987,16,50,SAX
2.11,100,23,48,1496,6,50,SAX
2.12,100,6,6,1393,1,198,DOM
2.12,100,7,8,146,2,338,DOM
2.12,100,22,24,141,2,79,JDOM
2.13,100,18,22,1026,1,50,JDOM
2.14,631,6,24,1753,2,334,DOM
2.14,646,16,35,6563,1,314,PXTG
2.14,657,24,44,531,2,206,JDOM
2.14,1008,18,31,7536,2,50,PXTG
2.15,1017,19,40,9010,10,57,SAX
2.15,100,4,22,203,1,359,DOM
2.16,802,13,49,7347,1,103,PXTG
2.16,992,17,25,4913,2,50,PXTG
2.18,100,5,30,1805,2,50,DOM
2.18,1069,20,20,995,1,114,JDOM
2.18,100,6,7,1114,2,50,DOM
2.19,428,27,32,1273,1,243,JDOM
2.19,822,8,28,7552,2,50,PXTG
2.19,538,4,19,144,1,343,DOM
2.19,100,21,36,321,2,152,JDOM
2.21,445,10,8,1871,2,71,DOM
2.22,100,4,4,1488,1,50,DOM
2.22,100,21,40,978,8,296,SAX
2.23,972,25,15,7325,12,248,SAX
2.23,616,3,31,4108,16,165,SAX
2.24,100,19,27,776,2,310,JDOM
2.24,100,24,33,590,2,50,JDOM
2.25,439,21,25,289,2,50,JDOM
2.26,100,13,33,4487,16,50,SAX
2.26,100,10,28,397,1,136,DOM
2.27,100,18,9,7052,12,314,SAX
2.27,1169,4,27,1084,1,256,DOM
2.27,538,15,19,2677,14,50,SAX
2.28,1083,10,21,332,1,243,DOM
2.28,100,14,12,6280,12,50,SAX
2.28,100,20,34,447,2,50,JDOM
2.28,100,13,16,5707,2,251,PXTG
2.28,100,18,17,318,1,206,JDOM
2.29,100,21,35,283,2,244,JDOM
2.29,191,27,37,1375,16,182,SAX
2.29,100,10,11,1919,2,50,DOM
2.31,100,29,37,956,2,348,JDOM
2.31,846,30,31,301,2,274,JDOM
2.31,100,3,15,4653,14,218,SAX
2.32,1120,6,12,117,2,80,DOM
2.32,1099,6,44,8991,8,50,SAX
2.32,776,20,32,1023,2,50,JDOM
2.32,1171,10,15,1000,2,50,JDOM
2.33,100,26,30,615,1,176,JDOM
2.33,100,10,22,513,2,50,DOM
2.33,100,16,37,915,2,257,JDOM
2.34,800,14,16,694,2,50,JDOM
2.34,182,13,17,1445,1,50,JDOM
2.34,1051,3,21,1777,1,50,DOM
2.34,100,28,33,294,1,134,JDOM
2.34,100,2,3,444,2,265,DOM
2.34,174,18,15,513,1,50,JDOM
2.35,100,19,17,198,1,328,JDOM
2.36,1186,25,30,1321,2,287,JDOM
2.38,880,12,19,648,2,170,JDOM
2.38,100,11,23,3369,1,50,PXTG
2.38,100,11,23,217,1,50,JDOM
2.39,1279,10,55,814,16,50,SAX
2.39,100,27,43,552,1,164,JDOM
2.4,329,15,45,103,2,65,JDOM
2.4,373,19,43,2569,2,50,PXTG
2.4,445,13,39,1006,2,269,JDOM
2.4,100,24,50,8574,2,50,PXTG
2.4,331,17,39,782,2,160,JDOM
2.4,100,15,14,1431,1,50,PXTG
2.4,100,15,43,3871,1,249,PXTG
2.41,1214,20,46,612,4,119,SAX
2.42,790,22,34,242,1,139,JDOM
2.42,771,2,9,1742,2,74,DOM
2.42,791,9,19,1633,1,50,DOM
2.43,932,2,18,407,1,50,DOM
2.43,100,3,29,888,2,50,DOM
2.43,100,17,28,610,1,203,JDOM
2.43,142,18,45,8115,2,50,PXTG
2.44,640,16,33,593,1,50,JDOM
2.44,100,6,16,1050,1,87,DOM
2.44,100,2,9,1211,2,66,DOM
2.44,303,23,28,1391,2,50,JDOM
2.45,432,10,24,1476,2,54,DOM
2.45,705,7,14,1359,2,336,DOM
2.45,100,28,18,687,1,50,JDOM
2.45,733,28,56,9125,4,288,SAX
2.45,100,20,17,8343,1,50,PXTG
2.46,797,6,5,1515,1,197,DOM
2.46,399,20,34,207,2,260,JDOM
2.46,100,6,15,661,2,343,DOM
2.46,100,10,16,1736,2,157,DOM
2.46,845,7,13,1703,2,185,DOM
2.46,987,22,33,4475,4,281,SAX
2.47,100,25,33,9084,6,154,SAX
2.47,1068,19,36,7251,12,148,SAX
2.47,100,4,16,1523,1,365,DOM
2.48,100,21,18,2411,2,50,PXTG
2.48,100,11,15,4437,16,121,SAX
2.49,100,25,22,839,1,316,JDOM
2.49,100,4,27,390,1,50,DOM
2.5,457,4,19,1963,2,110,DOM
2.5,211,23,32,7545,10,181,SAX
2.51,398,5,4,1594,2,304,DOM
2.51,912,11,12,6947,2,50,PXTG
2.51,220,18,15,1437,1,50,JDOM
2.51,440,2,25,1843,1,127,DOM
2.51,100,25,17,224,2,61,JDOM
2.52,612,11,48,1915,1,206,PXTG
2.52,622,7,15,931,2,50,DOM
2.52,100,20,44,836,6,78,SAX
2.53,100,13,44,8755,2,196,PXTG
2.54,100,14,32,2234,2,50,PXTG
2.54,1073,21,17,1042,1,50,JDOM
2.54,1321,4,15,1003,1,64,DOM
2.54,100,6,18,2000,2,50,DOM
2.54,100,3,18,758,2,50,DOM
2.54,100,15,46,1644,4,50,SAX
2.55,100,5,17,1332,2,50,DOM
2.55,100,24,34,1022,1,297,JDOM
2.55,952,7,21,9058,16,267,SAX
2.55,112,7,25,130,1,336,DOM
2.56,987,4,21,1867,2,169,DOM
2.57,342,9,27,5322,8,117,SAX
2.57,252,25,17,2816,2,120,PXTG
2.58,100,30,34,5362,12,50,SAX
2.58,100,22,20,609,2,50,JDOM
2.59,100,9,29,375,2,379,DOM
2.6,169,28,35,1044,1,148,JDOM
2.6,601,7,30,1119,1,365,DOM
2.6,1018,22,23,3349,2,327,PXTG
2.6,364,4,2,1888,1,50,DOM
2.6,776,8,18,418,1,98,DOM
2.61,1081,24,28,1676,12,50,SAX
2.61,100,15,47,719,6,270,SAX
2.61,1354,9,44,9296,12,50,SAX
2.61,583,12,19,1138,1,50,JDOM
2.61,100,13,37,1104,2,336,JDOM
2.62,100,4,47,8925,8,50,SAX
2.62,100,30,39,100,1,73,JDOM
2.63,298,27,17,490,2,50,JDOM
2.63,546,9,11,1200,1,50,DOM
2.63,166,22,19,6475,16,63,SAX
2.64,205,10,10,5883,1,214,PXTG
2.64,322,9,23,1624,8,336,SAX
2.65,100,18,37,2060,1,83,PXTG
2.65,1099,21,15,320,2,179,JDOM
2.65,695,3,12,210,2,376,DOM
2.68,100,23,25,709,1,250,JDOM
2.68,285,7,7,983,2,77,DOM
2.68,100,6,16,2313,16,50,SAX
2.69,100,13,21,498,1,206,JDOM
2.69,100,9,10,1991,2,111,DOM
2.69,193,4,22,303,2,248,DOM
2.7,100,17,1,7896,10,104,SAX
2.7,100,9,34,2413,2,50,PXTG
2.7,752,16,43,1303,1,50,JDOM
2.7,323,9,19,597,2,97,DOM
2.71,100,10,17,1710,2,320,DOM
2.72,245,9,2,1818,2,202,DOM
2.72,100,20,19,831,1,50,JDOM
2.74,826,29,22,941,2,218,JDOM
2.75,100,24,21,415,1,50,JDOM
2.75,405,19,23,930,2,50,JDOM
2.76,100,10,30,1464,2,50,JDOM
2.76,658,10,5,1987,2,50,DOM
2.76,289,15,19,1139,2,50,JDOM
2.77,100,20,16,858,1,191,JDOM
2.77,100,14,41,674,1,156,JDOM
2.77,154,2,30,691,2,238,DOM
2.78,100,8,4,970,2,233,DOM
2.79,100,13,30,9463,8,50,SAX
2.8,1055,8,25,450,1,50,DOM
2.81,100,9,1,1572,1,50,DOM
2.81,100,3,23,970,2,50,DOM
2.82,100,26,26,676,2,56,JDOM
2.82,268,22,25,1834,16,50,SAX
2.82,623,19,2,2841,8,129,SAX
2.83,828,4,30,1319,1,151,DOM
2.83,1008,18,31,8189,12,193,SAX
2.83,485,19,28,1755,10,281,SAX
2.83,1235,6,15,546,2,50,DOM
2.83,100,9,18,469,1,352,DOM
2.85,815,20,22,531,1,50,JDOM
2.85,100,19,42,1189,12,50,SAX
2.85,1320,29,29,3759,16,50,SAX
2.85,841,12,31,7743,2,85,PXTG
2.86,535,15,15,761,2,50,JDOM
2.86,618,13,34,8718,4,50,SAX
2.86,100,19,27,6911,6,50,SAX
2.88,1071,7,13,628,1,50,DOM
2.89,100,19,38,416,2,50,JDOM
2.89,100,3,10,111,2,245,DOM
2.9,312,14,53,8412,8,50,SAX
2.9,1228,10,19,244,1,50,DOM
2.9,286,22,37,1162,1,50,JDOM
2.9,100,14,21,911,1,151,JDOM
2.9,932,11,16,864,1,230,JDOM
2.91,224,12,16,1468,1,50,JDOM
2.92,871,9,25,844,2,50,DOM
2.92,1252,8,30,1751,2,50,DOM
2.92,233,20,42,8885,12,138,SAX
2.93,262,19,14,4801,16,50,SAX
2.93,100,27,21,1688,14,93,SAX
2.93,953,4,11,669,1,50,DOM
2.93,100,28,40,1088,2,50,JDOM
2.94,1097,5,23,1639,2,194,DOM
2.95,1068,20,14,2268,14,173,SAX
2.95,100,12,37,4269,12,280,SAX
2.95,983,6,29,1613,2,322,DOM
2.96,1016,8,37,6247,6,97,SAX
2.98,973,11,22,829,1,324,JDOM
2.98,948,9,10,1273,2,62,DOM
2.98,100,21,24,1121,2,50,JDOM
2.99,100,7,12,943,2,50,DOM
3,100,17,19,1190,1,50,JDOM
3.01,191,6,11,5036,4,50,SAX
3.01,1038,4,14,908,1,50,DOM
3.01,1077,5,19,1134,2,153,DOM
3.02,158,9,26,306,1,50,DOM
3.02,851,25,44,1820,6,50,SAX
3.02,256,4,8,1964,2,289,DOM
3.02,879,12,39,1252,1,203,JDOM
3.02,335,10,10,401,1,214,DOM
3.03,1179,13,17,6959,12,88,SAX
3.03,401,4,6,107,2,243,DOM
3.03,710,17,36,666,2,192,JDOM
3.04,1164,18,15,1491,2,104,JDOM
3.04,483,12,20,2820,1,50,PXTG
3.04,100,6,24,874,1,92,DOM
3.04,685,25,37,3132,2,122,PXTG
3.05,1005,9,6,1115,1,87,DOM
3.06,957,10,13,1987,2,174,DOM
3.07,613,7,25,5775,10,50,SAX
3.07,1169,19,17,144,2,50,JDOM
3.07,115,4,6,375,1,50,DOM
3.08,675,7,1,759,2,86,DOM
3.08,100,13,38,908,2,262,JDOM
3.08,389,4,23,645,1,335,DOM
3.08,100,25,9,6520,4,211,SAX
3.09,292,5,24,1011,2,101,DOM
3.09,431,17,25,104,2,350,JDOM
3.09,475,17,31,1288,1,141,JDOM
3.1,1216,3,17,1115,1,50,DOM
3.1,466,4,25,820,2,98,DOM
3.1,100,11,47,6901,2,127,PXTG
3.11,377,22,17,2801,2,50,PXTG
3.11,178,3,30,1161,2,50,DOM
3.11,100,12,23,1265,2,117,JDOM
3.12,100,4,26,1429,1,50,DOM
3.12,100,15,26,461,2,50,JDOM
3.13,823,8,13,619,1,367,DOM
3.13,1088,2,26,699,1,250,DOM
3.14,100,9,1,1800,1,376,DOM
3.14,121,2,27,628,1,50,DOM
3.14,100,7,23,1182,2,65,DOM
3.15,1088,28,25,9417,8,304,SAX
3.15,887,27,45,878,2,310,JDOM
3.15,563,23,31,657,1,338,JDOM
3.16,920,27,10,2550,6,50,SAX
3.16,911,6,19,1597,1,50,DOM
3.16,299,30,60,2660,16,67,SAX
3.16,100,21,35,589,1,50,JDOM
3.17,100,3,13,949,1,50,DOM
3.18,908,4,10,842,2,312,DOM
3.19,100,30,21,1184,1,232,JDOM
3.19,1131,8,18,683,2,167,DOM
3.19,100,28,34,296,2,266,JDOM
3.2,100,10,6,990,2,50,DOM
3.21,109,16,44,6529,14,330,SAX
3.21,991,6,8,1407,1,194,DOM
3.21,100,17,34,162,1,271,JDOM
3.22,784,6,5,1833,2,310,DOM
3.23,1069,26,41,1493,1,50,JDOM
3.23,100,3,28,989,1,406,DOM
3.23,872,15,9,5755,12,50,SAX
3.23,100,17,28,1171,1,143,JDOM
3.25,991,9,4,1765,1,225,DOM
3.26,100,9,35,5262,10,50,SAX
3.26,813,10,14,1665,1,213,DOM
3.27,1053,3,19,7764,8,56,SAX
3.27,1225,6,9,1641,1,161,DOM
3.27,100,10,27,1561,2,293,DOM
3.28,904,6,21,5072,14,50,SAX
3.28,113,17,36,148,2,50,JDOM
3.28,658,15,42,606,1,51,JDOM
3.28,100,18,33,1390,2,71,JDOM
3.28,774,9,11,1639,2,374,DOM
3.28,751,17,44,6853,14,257,SAX
3.29,960,13,19,566,2,90,JDOM
3.29,100,9,21,762,1,192,DOM
3.29,100,15,39,400,2,257,JDOM
3.31,524,12,17,144,1,84,JDOM
3.31,929,25,15,653,2,111,JDOM
3.31,100,5,3,314,2,330,DOM
3.31,100,16,19,504,1,200,JDOM
3.31,512,10,15,990,1,50,DOM
3.32,199,7,9,9078,10,50,SAX
3.32,1087,2,33,2721,12,105,SAX
3.33,1065,9,17,1177,1,56,DOM
3.33,1353,4,24,873,1,80,DOM
3.33,100,10,40,542,1,378,JDOM
3.34,1000,4,10,8852,14,50,SAX
3.34,100,26,30,713,1,99,JDOM
3.35,100,6,18,1111,2,50,DOM
3.35,1173,3,14,3417,14,50,SAX
3.35,1228,6,16,1467,1,50,DOM
3.36,100,14,28,696,1,50,JDOM
3.36,165,24,32,1318,2,207,JDOM
3.38,222,3,24,1865,2,308,DOM
3.39,688,4,21,1881,2,50,DOM
3.4,100,26,41,1042,1,50,JDOM
3.4,100,16,11,979,4,274,SAX
3.41,608,22,32,261,1,180,JDOM
3.41,100,5,21,1445,1,116,DOM
3.41,1215,6,24,1825,2,50,DOM
3.42,445,19,6,5807,12,50,SAX
3.42,296,4,10,346,2,269,DOM
3.42,100,6,6,5611,8,302,SAX
3.42,836,24,34,401,2,203,JDOM
3.43,100,18,14,6192,2,295,PXTG
3.44,1234,28,15,1225,1,50,JDOM
3.44,860,30,39,477,2,50,JDOM
3.45,1246,20,42,1476,1,268,JDOM
3.46,100,17,29,844,2,243,PXTG
3.46,100,17,9,6409,6,135,SAX
3.46,100,5,10,536,1,287,DOM
3.46,100,14,26,6962,6,59,SAX
3.47,493,8,9,346,2,50,DOM
3.47,828,9,24,1171,1,50,DOM
3.47,100,11,57,7019,4,127,SAX
3.49,174,8,40,7575,10,50,SAX
3.51,100,24,20,1443,1,92,JDOM
3.51,595,6,11,1677,2,50,DOM
3.51,983,7,7,1543,1,121,DOM
3.52,950,12,20,485,1,408,JDOM
3.52,853,15,38,746,2,397,JDOM
3.52,100,2,17,1283,1,66,DOM
3.52,650,9,24,238,1,369,DOM
3.53,1235,30,3,4608,14,50,SAX
3.53,609,8,12,760,2,159,DOM
3.54,100,8,13,1796,1,97,DOM
3.54,100,16,16,5481,6,50,SAX
3.54,100,10,18,1282,2,119,DOM
3.55,227,27,39,451,2,231,JDOM
3.55,656,12,20,323,2,50,JDOM
3.55,830,5,3,1519,2,50,DOM
3.57,100,20,20,3281,1,281,PXTG
3.57,216,16,50,1656,2,110,PXTG
3.57,491,11,31,161,2,249,JDOM
3.58,193,5,28,790,2,202,DOM
3.58,556,27,21,607,1,244,JDOM
3.58,986,29,20,673,2,126,JDOM
3.59,100,10,4,2704,6,50,SAX
3.59,507,20,20,998,2,50,JDOM
3.6,155,12,51,2011,10,50,SAX
3.6,875,21,47,1915,8,273,SAX
3.6,1084,24,28,947,1,150,JDOM
3.61,880,19,8,6035,8,50,SAX
3.61,100,23,47,8713,8,71,SAX
3.61,100,15,27,1172,2,50,JDOM
3.61,100,26,16,1415,1,50,JDOM
3.61,493,10,7,603,1,196,DOM
3.61,1138,20,33,383,2,380,JDOM
3.61,702,17,34,253,1,85,JDOM
3.62,436,10,49,6446,1,320,PXTG
3.62,100,19,27,275,1,50,JDOM
3.63,477,22,37,1085,1,50,JDOM
3.63,237,2,29,1441,2,249,DOM
3.64,185,21,28,3641,8,50,SAX
3.66,605,20,15,742,1,269,JDOM
3.67,100,25,33,2486,1,84,PXTG
3.68,100,25,44,4546,2,190,PXTG
3.68,989,20,25,1231,2,172,JDOM
3.68,706,3,19,1902,2,50,DOM
3.68,932,4,26,1843,1,311,DOM
3.68,399,24,33,427,1,92,JDOM
3.7,324,21,21,1394,2,50,JDOM
3.7,617,20,4,4417,4,50,SAX
3.71,100,7,11,1376,1,283,DOM
3.72,1117,7,45,4627,16,50,SAX
3.73,971,27,16,1521,8,210,SAX
3.73,546,8,23,1651,1,297,DOM
3.74,1245,12,15,143,1,50,JDOM
3.75,144,3,13,1148,1,191,DOM
3.75,100,23,44,6373,10,246,SAX
3.75,100,29,59,2775,8,278,SAX
3.75,1144,22,19,5404,4,249,SAX
3.77,270,20,16,828,1,193,JDOM
3.78,690,8,4,1209,2,365,DOM
3.78,100,4,1,958,1,50,DOM
3.79,100,28,19,1231,1,50,JDOM
3.79,1176,25,35,1007,1,169,JDOM
3.8,1222,19,37,324,2,50,JDOM
3.8,348,22,39,618,2,50,JDOM
3.8,157,10,28,1677,2,256,DOM
3.81,456,2,8,194,2,376,DOM
3.81,100,4,10,258,2,194,DOM
3.81,395,4,4,1369,2,427,DOM
3.83,1284,25,20,1095,1,50,JDOM
3.84,1367,7,12,532,2,121,DOM
3.84,101,15,27,4628,10,178,SAX
3.85,1432,19,27,1393,2,244,JDOM
3.85,100,18,16,1280,1,151,JDOM
3.86,291,22,16,1009,2,50,JDOM
3.87,363,27,51,4506,16,120,SAX
3.88,100,9,1,1589,1,50,DOM
3.88,100,23,47,7356,16,50,SAX
3.88,1489,23,30,8167,2,50,PXTG
3.89,100,8,26,911,1,331,DOM
3.89,100,20,52,5070,16,280,SAX
3.89,100,19,16,1408,1,55,JDOM
3.89,1255,4,54,3562,16,50,SAX
3.89,100,16,32,660,2,50,JDOM
3.89,745,12,6,1031,16,50,SAX
3.9,224,27,31,1288,8,50,SAX
3.9,253,13,33,7135,4,319,SAX
3.91,654,10,26,1952,1,123,DOM
3.92,702,12,31,717,1,154,JDOM
3.92,1197,15,23,1142,1,50,JDOM
3.93,100,8,3,1150,1,68,DOM
3.94,674,6,18,1982,2,382,DOM
3.94,899,6,28,849,14,50,SAX
3.94,100,19,13,708,1,171,PXTG
3.95,1181,6,56,5333,6,50,SAX
3.95,1485,11,36,1581,1,57,PXTG
3.96,100,26,23,1058,2,50,JDOM
3.97,100,12,51,6527,16,266,SAX
3.97,100,7,5,873,1,411,DOM
3.97,100,10,1,860,2,314,DOM
3.97,857,15,40,4720,2,50,PXTG
3.97,100,12,38,491,1,339,JDOM
3.97,100,5,32,2672,12,129,SAX
3.98,658,9,14,1520,2,94,DOM
3.98,196,19,44,8359,1,325,PXTG
3.98,100,7,5,1720,1,349,DOM
3.99,1216,3,27,1071,2,181,DOM
3.99,100,18,18,572,2,50,JDOM
3.99,218,3,24,1802,2,62,DOM
4,793,3,5,344,1,206,DOM
4.04,1099,13,6,5467,6,171,StAX
4.08,324,17,37,2135,2,50,StAX
4.1,115,9,16,7510,8,50,StAX
4.11,100,18,28,7195,14,209,StAX
4.13,100,2,30,2502,6,50,StAX
4.13,1164,5,59,6193,10,50,StAX
4.13,100,7,3,6322,14,50,StAX
4.16,516,4,4,472,14,224,StAX
4.2,1006,11,34,4591,16,50,StAX
4.21,100,6,51,5322,4,143,StAX
4.22,1215,14,54,4706,8,286,StAX
4.27,100,4,16,6491,14,56,StAX
4.37,100,14,20,4136,14,116,StAX
4.52,100,12,56,6399,12,62,StAX
4.55,100,2,2,7955,10,50,StAX
4.56,100,4,17,1852,14,206,StAX
4.56,100,4,56,5465,16,64,StAX
4.63,818,17,20,6520,8,265,StAX
4.65,100,13,30,7992,10,285,StAX
4.66,100,4,50,2534,2,50,StAX
4.74,164,3,3,7672,16,175,StAX
4.88,874,15,24,287,1,94,StAX
4.89,1098,14,26,5276,12,170,StAX
4.95,333,5,33,1419,10,50,StAX
5.12,683,13,19,948,4,323,StAX
5.15,175,20,14,4284,8,50,StAX
5.26,100,19,16,8021,10,126,StAX
5.33,1167,11,35,8336,6,154,StAX
5.4,728,12,39,8245,6,50,StAX
5.4,690,16,55,6950,2,50,StAX
5.49,757,3,54,3870,1,278,StAX
5.5,706,16,27,5490,14,298,StAX
5.54,1093,2,52,8045,10,290,StAX
5.57,100,3,24,1082,1,242,StAX
5.57,548,3,28,7291,12,131,StAX
5.59,422,9,55,6661,2,50,StAX
5.61,461,2,23,8006,12,50,StAX
5.61,100,17,52,5548,4,135,StAX
5.63,100,12,51,4195,10,50,StAX
5.7,100,9,55,191,6,58,StAX
5.74,218,18,51,1430,2,50,StAX
5.75,604,6,10,4715,1,50,StAX
5.8,1063,13,27,3619,16,190,StAX
5.8,1412,4,60,1526,6,97,StAX
5.83,794,10,23,2058,12,319,StAX
5.89,100,7,49,2038,4,50,StAX
5.98,100,3,44,1119,10,50,StAX
6,1438,7,23,1243,16,50,StAX
6.02,1510,15,3,444,1,438,StAX
6.02,956,12,34,1482,10,339,StAX
6.17,313,13,28,6527,6,440,StAX
6.29,100,18,53,7027,12,50,StAX
6.3,1059,9,15,1969,14,50,StAX
6.31,1013,14,6,3172,1,50,StAX
6.32,100,8,13,3191,4,243,StAX
6.39,493,9,19,2081,4,50,StAX
6.39,100,19,35,6160,14,317,StAX
6.41,1161,16,50,4348,4,182,StAX
6.51,635,14,45,323,8,104,StAX
6.53,432,17,2,3835,14,149,StAX
6.57,446,10,23,1514,16,50,StAX
6.58,1540,19,60,5106,14,162,StAX
6.68,1456,2,20,522,16,167,StAX
6.76,836,15,58,805,10,123,StAX
6.79,1275,2,17,3816,1,69,StAX
6.85,857,14,54,5593,6,350,StAX
6.9,1144,12,29,1019,8,85,StAX
6.91,680,8,47,7215,14,207,StAX
6.97,1303,18,8,4996,6,181,StAX
7.09,1130,14,15,3934,6,130,StAX
7.1,886,5,32,4257,14,377,StAX
7.12,100,8,57,3097,12,50,StAX
7.17,439,7,37,1341,8,54,StAX
7.21,100,4,52,3479,16,53,StAX
7.23,583,15,2,6358,4,50,StAX
7.26,1429,3,21,5164,16,50,StAX
7.34,1163,15,24,2288,8,206,StAX
7.34,754,3,34,7666,1,50,StAX
7.35,567,18,9,6759,1,391,StAX
7.36,100,20,16,3318,6,72,StAX
7.41,100,10,44,6612,4,362,StAX
7.41,695,17,4,4703,2,50,StAX
7.45,270,15,60,395,14,50,StAX
7.47,831,3,2,7722,10,186,StAX
7.48,100,6,57,3433,10,50,StAX
7.49,100,6,25,331,16,383,StAX
7.49,754,9,7,4728,6,50,StAX
7.5,839,2,18,1713,1,325,StAX
7.53,1577,18,49,7251,10,257,StAX
7.55,1926,6,43,2954,2,234,StAX
7.55,100,17,15,4919,14,415,StAX
7.6,439,20,9,1693,16,50,StAX
7.62,278,15,11,6557,10,257,StAX
7.63,100,16,34,7349,2,99,StAX
7.73,282,17,33,5626,4,50,StAX
7.77,419,8,38,4168,1,173,StAX
7.88,291,17,53,2019,14,50,StAX
7.93,100,16,45,554,10,387,StAX
7.96,769,9,32,8176,6,50,StAX
7.97,1936,7,19,4719,2,50,StAX
7.97,413,14,15,463,14,50,StAX
8.07,293,5,21,213,4,347,StAX
8.09,1108,14,27,5038,2,50,StAX
8.09,885,7,19,6667,1,270,StAX
8.11,412,8,22,1270,1,218,StAX
8.13,562,16,12,6652,8,312,StAX
8.2,480,10,15,3537,6,292,StAX
8.32,100,6,44,426,16,50,StAX
8.41,1413,11,52,8418,16,162,StAX
8.42,100,18,31,6045,10,357,StAX
8.59,1213,3,31,6494,16,179,StAX
8.64,237,13,58,4147,6,336,StAX
8.73,100,8,52,719,10,50,StAX
8.82,100,5,21,1840,4,50,StAX
8.83,1236,6,13,4666,16,392,StAX
8.86,1583,15,52,3085,4,50,StAX
8.88,1987,15,29,7426,12,63,StAX
9.09,1492,6,40,6704,2,54,StAX
9.23,1565,9,39,6366,10,50,StAX
9.26,100,4,11,1189,6,134,StAX
9.28,1292,19,57,3108,6,107,StAX
9.34,685,2,58,7772,6,50,StAX
9.58,1527,5,13,763,8,50,StAX
9.61,573,4,56,5370,6,50,StAX
9.64,139,17,21,7918,10,457,StAX
9.66,1847,20,11,617,12,97,StAX
9.66,959,2,29,3930,1,495,StAX
9.67,1363,13,55,1983,16,400,StAX
9.8,1737,9,41,5150,14,169,StAX
9.8,1216,5,30,3371,2,213,StAX
9.81,604,15,13,2644,6,251,StAX
9.84,1437,18,21,6680,16,92,StAX
9.85,577,12,23,1779,6,50,StAX
9.86,1039,19,47,2317,2,321,StAX
9.92,1257,16,47,2439,14,135,StAX
9.98,1112,15,49,970,1,266,StAX
10.07,1733,9,50,3447,4,114,StAX
10.31,100,19,15,3267,14,318,StAX
10.43,1384,8,47,5514,2,302,StAX
10.43,946,20,60,2725,6,303,StAX
10.48,100,3,14,275,14,299,StAX
10.51,1503,17,24,3328,6,487,StAX
10.57,189,2,36,2655,8,50,StAX
10.57,1091,4,22,5512,16,379,StAX
10.58,1281,12,46,7709,14,384,StAX
10.68,805,5,54,8129,12,158,StAX
10.69,1901,14,58,5509,2,279,StAX
10.79,1304,19,37,2289,6,209,StAX
10.81,100,16,8,205,12,237,StAX
10.84,1217,13,34,6621,10,106,StAX
10.96,758,7,23,5126,14,313,StAX
10.99,2412,10,49,8144,12,131,StAX
11,1886,11,20,260,16,63,StAX
11.02,1516,9,1,1029,2,220,StAX
11.18,1257,6,58,3796,16,50,StAX
11.18,908,14,49,897,14,236,StAX
11.21,1290,12,38,8115,10,426,StAX
11.31,323,3,55,4359,6,134,StAX
11.31,1272,14,24,3561,10,87,StAX
11.32,1131,16,5,5375,6,279,StAX
11.41,1045,14,49,2902,2,282,StAX
11.43,100,14,32,1991,12,50,StAX
11.45,956,3,17,237,6,124,StAX
11.46,1265,18,9,3177,16,273,StAX
11.49,1355,6,29,1250,14,392,StAX
11.52,1310,3,22,2868,12,298,StAX
11.52,1045,7,5,4869,8,407,StAX
11.6,594,17,31,3916,16,120,StAX
11.66,1942,19,7,4565,12,508,StAX
11.67,1940,19,45,6509,12,323,StAX
11.69,1267,11,1,322,2,404,StAX
11.71,1190,2,41,6184,1,222,StAX
11.72,529,10,2,6414,14,50,StAX
11.8,846,7,3,7453,16,52,StAX
11.84,1346,19,21,2537,14,236,StAX
11.86,1027,7,9,8217,8,415,StAX
11.88,620,4,9,5609,8,106,StAX
11.88,2680,12,31,7093,1,160,StAX
11.91,1359,18,23,6799,2,297,StAX
11.91,921,10,30,3725,8,343,StAX
11.92,1354,9,22,2016,1,360,StAX
11.92,1677,10,55,6416,2,185,StAX
11.93,2442,20,2,3827,4,365,StAX
11.94,1462,7,12,8047,10,50,StAX
12.03,1397,8,49,3991,12,394,StAX
12.04,550,13,59,3667,12,128,StAX
12.08,2769,9,26,4632,10,240,StAX
12.09,1150,12,53,3568,6,260,StAX
12.16,1115,10,13,5630,16,136,StAX
12.2,892,17,45,1789,10,274,StAX
12.21,387,3,54,664,1,264,StAX
12.21,215,7,60,579,16,201,StAX
12.22,194,4,47,3135,4,50,StAX
12.27,1631,14,27,1056,8,50,StAX
12.31,2426,19,34,6497,6,74,StAX
12.44,1846,5,34,1947,16,212,StAX
12.45,1975,2,12,2995,1,417,StAX
12.48,344,8,22,5587,12,427,StAX
12.49,100,7,33,6820,6,140,StAX
12.5,1324,14,35,2088,12,173,StAX
12.53,2071,5,36,5489,4,176,StAX
12.61,735,11,42,2938,2,305,StAX
12.66,2750,3,46,3099,8,50,StAX
12.69,1083,9,22,3279,14,50,StAX
12.69,1023,19,31,2755,14,64,StAX
12.78,1175,16,30,6514,12,289,StAX
12.79,695,14,12,7081,4,335,StAX
12.87,1569,9,29,1385,16,347,StAX
12.91,203,2,52,1746,2,276,StAX
12.94,465,19,40,4186,14,310,StAX
12.99,1744,13,54,189,10,185,StAX
13,1891,4,37,1419,2,235,StAX
13.02,1759,9,42,4687,12,187,StAX
13.02,658,9,20,4386,1,449,StAX
13.03,1053,8,18,3521,6,459,StAX
13.03,1177,15,31,4713,14,205,StAX
13.27,100,9,1,7423,10,381,StAX
13.29,794,17,43,2930,10,220,StAX
13.29,127,7,5,2862,2,205,StAX
13.36,1037,18,14,6796,8,109,StAX
13.39,100,12,38,5097,8,191,StAX
13.39,233,8,38,6384,6,569,StAX
13.41,100,6,58,7057,16,179,StAX
13.43,1099,4,26,6117,1,50,StAX
13.48,1751,2,11,8497,6,390,StAX
13.51,2021,2,19,717,8,96,StAX
13.51,100,14,27,6957,6,50,StAX
13.53,2823,10,49,8351,8,50,StAX
13.56,426,11,5,2795,2,120,StAX
13.57,433,14,13,3992,12,50,StAX
13.6,100,16,47,5199,4,282,StAX
13.63,100,3,3,3379,6,89,StAX
13.7,1855,14,56,7746,12,191,StAX
13.74,954,18,19,6830,12,215,StAX
13.75,1721,5,42,5714,1,139,StAX
13.82,100,20,43,6341,4,192,StAX
13.93,1014,6,16,760,12,50,StAX
13.95,1276,9,25,3326,4,334,StAX
13.97,1031,2,27,5083,2,314,StAX
13.98,758,13,54,4036,16,518,StAX
14.01,1744,3,55,7063,12,189,StAX
14.02,1601,11,10,5596,6,138,StAX
14.14,1452,16,25,2519,8,178,StAX
14.19,1960,2,1,3466,12,84,StAX
14.21,472,17,46,3949,1,99,StAX
14.32,874,4,41,8121,6,103,StAX
14.47,1387,15,2,522,16,248,StAX
14.48,723,13,55,6131,10,78,StAX
14.54,2521,17,29,4938,10,389,StAX
14.54,461,14,42,1415,10,50,StAX
14.64,1949,11,5,1205,6,338,StAX
14.66,1509,15,3,8135,1,324,StAX
14.73,1122,20,24,2884,2,50,StAX
14.73,338,16,23,4301,1,333,StAX
14.77,1908,12,23,7047,1,304,StAX
14.77,2326,6,15,6662,1,50,StAX
14.8,100,15,12,5808,14,414,StAX
14.86,2373,5,11,3667,4,73,StAX
14.86,2364,12,31,4022,2,382,StAX
14.87,561,19,50,3131,14,413,StAX
14.89,397,20,1,5566,8,357,StAX
14.9,1432,20,29,3771,6,372,StAX
15.1,1957,20,4,1988,2,378,StAX
15.22,3024,16,43,8336,2,125,StAX
15.27,100,15,13,2910,2,90,StAX
15.28,1796,12,13,1346,14,64,StAX
15.4,1426,8,25,7033,12,628,StAX
15.47,1656,12,20,4246,2,449,StAX
15.54,1889,19,49,3728,10,252,StAX
15.54,1934,17,25,3920,6,114,StAX
15.77,1955,10,2,5788,8,442,StAX
15.78,2304,17,21,6323,4,636,StAX
15.79,1390,2,43,2029,16,440,StAX
15.8,616,15,19,3464,1,321,StAX
15.81,3054,6,58,3812,6,170,StAX
15.82,2305,20,55,2110,1,50,StAX
15.92,2184,11,51,2963,14,148,StAX
15.94,1448,8,5,159,4,64,StAX
16.03,1779,12,12,3753,8,299,StAX
16.04,725,11,29,5545,6,380,StAX
16.13,1631,15,29,6296,12,345,StAX
16.14,2511,12,28,7512,4,192,StAX
16.14,1254,12,37,5060,8,289,StAX
16.24,100,4,29,8133,8,402,StAX
16.29,984,6,15,1744,6,512,StAX
16.37,100,10,46,4868,14,50,StAX
16.37,333,7,6,358,16,556,StAX
16.38,1132,5,54,3113,14,210,StAX
16.41,1940,15,16,517,14,192,StAX
16.44,1017,12,6,7929,12,365,StAX
16.46,1196,15,9,5796,16,556,StAX
16.47,1829,9,46,4870,12,202,StAX
16.54,1074,9,40,1422,14,344,StAX
16.59,1577,16,18,5184,1,222,StAX
16.85,1657,3,53,320,4,486,StAX
16.93,625,4,39,860,8,201,StAX
16.95,1126,3,27,6381,4,379,StAX
16.95,687,10,56,4594,10,96,StAX
16.99,2159,17,43,6918,6,427,StAX
17.02,2892,6,55,8335,12,231,StAX
17.07,2527,7,4,4470,8,288,StAX
17.08,802,16,14,995,6,440,StAX
17.09,100,11,14,1360,2,520,StAX
17.11,1695,14,41,7148,14,584,StAX
17.13,1358,9,43,2366,8,335,StAX
17.17,1513,11,16,8062,1,365,StAX
17.26,1333,10,21,2755,4,50,StAX
17.28,2202,4,35,6135,8,221,StAX
17.49,1229,13,15,1167,14,321,StAX
17.54,1670,17,11,3735,2,294,StAX
17.54,1848,4,56,511,12,642,StAX
17.56,1617,13,18,1396,1,183,StAX
17.6,1258,20,14,7925,14,159,StAX
17.73,1244,15,4,2723,1,411,StAX
17.75,1995,10,47,8155,6,346,StAX
17.85,100,6,47,1837,16,97,StAX
17.87,1432,13,59,575,12,275,StAX
17.92,2520,7,29,2449,10,421,StAX
17.93,1767,9,45,6635,16,267,StAX
17.97,1909,20,39,2964,1,292,StAX
17.97,1934,19,53,6717,12,369,StAX
18.01,2231,9,17,7911,10,687,StAX
18.01,2170,11,13,2235,8,231,StAX
18.02,580,17,54,3827,6,263,StAX
18.13,1125,3,49,4509,6,528,StAX
18.2,2011,10,13,8082,10,518,StAX
18.22,3664,13,28,4820,10,321,StAX
18.31,1760,12,41,2748,6,626,StAX
18.34,1248,19,42,2328,12,296,StAX
18.37,2040,12,24,1607,2,362,StAX
18.37,2556,2,9,7832,6,558,StAX
18.4,914,6,40,4897,1,249,StAX
18.45,984,18,46,7830,1,558,StAX
18.47,2863,16,51,3875,2,714,StAX
18.49,285,18,48,5232,10,325,StAX
18.5,609,10,54,7957,1,497,StAX
18.5,1606,13,6,2477,2,69,StAX
18.58,2305,3,51,5464,2,101,StAX
18.63,1033,5,40,6276,1,50,StAX
18.75,445,4,57,4455,8,486,StAX
18.76,1562,14,59,3510,4,254,StAX
18.78,550,5,58,2768,14,432,StAX
18.79,2149,12,53,2651,6,529,StAX
18.8,1306,10,6,767,6,406,StAX
18.87,1885,11,19,3759,16,221,StAX
18.89,1949,10,19,5760,2,548,StAX
19.02,1485,9,45,1819,12,531,StAX
19.03,2210,7,47,220,1,392,StAX
19.03,3082,2,54,720,4,647,StAX
19.05,1038,16,51,7171,1,366,StAX
19.07,1786,14,52,7309,10,50,StAX
19.08,939,17,33,1198,10,662,StAX
19.09,936,6,34,5394,12,612,StAX
19.12,1884,6,41,8420,12,405,StAX
19.25,1435,20,23,5853,2,380,StAX
19.25,2689,3,26,6677,2,492,StAX
19.27,895,5,16,4870,4,131,StAX
19.35,3069,12,2,3272,1,525,StAX
19.39,276,10,38,2818,2,150,StAX
19.39,2449,18,31,2464,2,380,StAX
19.43,1917,10,17,8120,10,452,StAX
19.43,2441,9,15,8149,12,50,StAX
19.44,363,20,52,5517,14,214,StAX
19.49,152,16,24,8454,10,337,StAX
19.51,1336,19,46,7379,12,57,StAX
19.54,1097,8,1,6395,12,569,StAX
19.54,2676,8,21,1790,14,50,StAX
19.57,3056,6,33,1680,4,520,StAX
19.58,2546,4,40,5269,6,186,StAX
19.63,1435,14,18,1918,12,514,StAX
19.66,2649,13,29,1936,12,403,StAX
19.67,3062,14,1,768,14,455,StAX
19.69,2359,2,16,5679,16,306,StAX
19.73,1754,17,21,712,2,372,StAX
19.75,1243,13,32,7599,2,462,StAX
19.76,100,18,31,7083,8,521,StAX
19.79,3701,2,53,6213,1,386,StAX
19.79,2488,10,41,8089,14,50,StAX
19.81,2998,9,44,2425,2,323,StAX
19.87,1502,7,46,3501,6,167,StAX
19.93,1828,8,23,2100,10,314,StAX
20.03,1550,18,26,6162,10,150,StAX
20.04,789,15,26,7185,4,263,StAX
20.05,805,11,26,3648,14,228,StAX
20.15,3236,15,58,6285,8,513,StAX
20.27,2401,3,5,5632,8,374,StAX
20.3,2430,7,40,456,10,559,StAX
20.36,1344,13,10,3081,4,241,StAX
20.37,1924,3,30,3864,1,50,StAX
20.51,3211,16,51,5731,6,50,StAX
20.54,1712,12,40,5789,1,386,StAX
20.61,1853,19,7,1542,12,552,StAX
20.62,1241,16,3,910,6,359,StAX
20.72,1110,10,13,5646,8,271,StAX
20.8,2810,10,42,4814,6,347,StAX
20.94,3874,11,59,5509,8,268,StAX
20.96,2899,2,49,6131,12,50,StAX
20.97,1955,2,27,6897,16,468,StAX
21,2559,2,31,225,1,427,StAX
21.01,2529,5,32,7562,16,382,StAX
21.03,2259,16,33,8398,16,443,StAX
21.04,987,11,2,4142,6,685,StAX
21.07,2746,2,59,3690,4,93,StAX
21.1,2628,3,37,5054,10,489,StAX
21.11,862,14,21,2486,8,525,StAX
21.13,1992,15,50,2476,14,281,StAX
21.19,100,10,10,3496,12,357,StAX
21.27,1347,7,9,3752,14,622,StAX
21.38,1423,15,53,5333,6,380,StAX
21.38,1186,5,28,5270,6,227,StAX
21.41,1937,6,59,270,10,316,StAX
21.42,2027,18,12,5103,6,50,StAX
21.44,1275,7,38,6789,16,135,StAX
21.52,1854,14,11,394,1,253,StAX
21.52,1983,13,43,3582,8,364,StAX
21.52,2223,12,40,6472,6,239,StAX
21.55,396,8,5,1428,2,432,StAX
21.56,1287,15,41,8451,4,156,StAX
21.6,1490,15,11,3340,16,730,StAX
21.7,660,19,31,7117,8,464,StAX
21.72,1394,14,45,532,4,178,StAX
21.75,3343,15,45,4790,12,631,StAX
21.76,2109,19,19,3117,10,321,StAX
21.77,2561,6,35,6266,12,460,StAX
21.81,777,12,14,281,14,393,StAX
22,3360,6,24,7372,8,611,StAX
22,3511,4,38,2951,16,446,StAX
22.03,1352,11,5,6604,10,555,StAX
22.07,1769,6,47,7611,4,354,StAX
22.07,2240,2,4,8049,6,428,StAX
22.1,809,9,9,2279,2,615,StAX
22.25,1579,7,44,2632,12,430,StAX
22.29,3597,19,9,7438,14,613,StAX
22.3,2927,19,31,2398,14,306,StAX
22.39,3582,18,29,1941,16,137,StAX
22.5,3624,11,2,886,14,494,StAX
22.57,3027,11,11,7708,8,563,StAX
22.59,1029,10,60,1888,14,88,StAX
22.61,2583,14,26,8249,2,367,StAX
22.67,504,12,39,3765,1,441,StAX
22.68,4022,8,50,7276,8,363,StAX
22.75,455,17,30,2169,10,50,StAX
22.81,2514,5,28,861,1,443,StAX
22.87,2109,5,8,4781,4,372,StAX
22.87,1325,17,10,263,2,379,StAX
23,2199,4,11,7401,12,436,StAX
23.01,2473,4,40,7988,10,562,StAX
23.03,2762,10,4,2940,1,394,StAX
23.03,1060,6,7,4021,16,69,StAX
23.08,638,20,20,7175,16,482,StAX
23.11,1969,3,25,1968,1,104,StAX
23.12,2622,18,47,8159,2,200,StAX
23.26,100,20,8,7024,8,392,StAX
23.28,3102,4,55,7595,16,181,StAX
23.28,2880,5,16,6185,16,434,StAX
23.28,2172,3,60,7902,6,420,StAX
23.32,2471,9,40,7793,1,383,StAX
23.39,2602,3,28,7916,8,464,StAX
23.47,1055,17,26,1150,12,439,StAX
23.47,1643,5,46,2826,4,207,StAX
23.59,3010,9,15,6424,16,343,StAX
23.59,2607,11,37,8351,1,632,StAX
23.68,2585,15,3,5038,2,231,StAX
23.69,1084,12,50,983,10,781,StAX
23.75,1888,3,13,1214,10,384,StAX
23.77,2684,20,40,801,6,249,StAX
23.82,1421,14,16,4713,10,373,StAX
23.9,2007,10,26,6104,14,339,StAX
23.92,1831,2,35,7437,16,374,StAX
23.94,1771,15,16,2726,4,455,StAX
24,1557,15,25,2101,16,324,StAX
24.02,1740,19,30,4972,8,496,StAX
24.07,3138,20,27,8447,12,571,StAX
24.19,100,14,36,4899,4,221,StAX
24.2,4200,5,33,7714,16,612,StAX
24.25,4265,14,28,3669,16,142,StAX
24.3,3540,12,9,7516,14,801,StAX
24.31,1169,10,39,5098,12,290,StAX
24.38,3514,15,55,6496,8,180,StAX
24.43,428,10,4,4815,8,378,StAX
24.43,2876,3,50,1182,14,491,StAX
24.53,3804,12,25,2312,2,555,StAX
24.54,907,8,40,6710,2,50,StAX
24.59,1916,11,26,7072,2,307,StAX
24.62,2791,3,24,651,8,325,StAX
24.65,2746,6,44,8252,12,671,StAX
24.69,1608,6,12,6558,2,333,StAX
24.72,2683,15,60,6497,4,488,StAX
24.74,1470,3,7,3453,16,631,StAX
24.76,654,16,32,6643,12,211,StAX
24.76,2143,6,33,4082,2,361,StAX
24.79,969,9,56,5027,14,550,StAX
24.82,364,17,18,7210,14,120,StAX
24.85,782,2,17,7601,4,103,StAX
24.85,1159,2,55,5840,12,469,StAX
24.86,3913,13,29,1924,6,50,StAX
24.87,3471,9,52,3588,2,466,StAX
24.9,2119,18,32,7794,10,126,StAX
24.9,3364,17,24,1340,2,235,StAX
24.92,2854,10,36,3951,1,767,StAX
24.96,2626,17,12,3243,16,95,StAX
25.08,1995,7,28,5746,2,50,SAX
25.24,3624,12,22,7629,4,585,StAX
25.27,3774,13,20,4781,12,304,StAX
25.4,664,16,12,6016,2,416,SAX
25.58,2140,20,19,6991,6,120,StAX
25.59,3918,6,25,6552,4,527,StAX
25.64,2431,18,37,6183,14,531,SAX
25.67,1437,11,49,7279,6,693,StAX
25.68,2366,30,25,7852,1,382,SAX
25.88,1351,5,29,978,10,467,StAX
25.91,2383,2,7,5539,12,481,StAX
26.11,3615,8,41,6157,6,475,StAX
26.11,2097,29,30,1224,16,213,SAX
26.38,2660,3,17,2875,4,897,StAX
26.41,2376,8,38,3910,12,542,StAX
26.42,1476,19,51,231,8,601,StAX
26.43,2134,3,39,2554,16,724,SAX
26.44,3307,18,2,4086,14,50,SAX
26.45,4586,22,55,5947,16,399,SAX
26.48,3803,3,17,4394,14,315,SAX
26.54,2489,9,40,7427,4,475,StAX
26.56,2952,14,51,5582,4,210,StAX
26.59,2809,4,60,1137,6,644,StAX
26.69,999,28,4,473,1,415,SAX
26.72,3232,8,18,7308,6,425,StAX
26.76,1793,13,46,3907,14,329,SAX
26.85,4262,7,47,8137,6,474,StAX
27.18,2091,11,26,2766,10,756,StAX
27.21,2626,12,1,5960,4,213,StAX
27.22,3799,5,47,2900,6,283,StAX
27.27,2931,2,37,6521,6,134,StAX
27.31,1806,20,25,5477,10,627,StAX
27.46,1985,15,1,660,12,425,StAX
27.54,3832,3,19,4187,1,373,SAX
27.55,4136,5,51,4898,1,247,SAX
27.56,921,8,3,405,6,896,StAX
27.57,3484,12,34,7589,4,778,StAX
27.58,2889,19,53,4732,10,789,StAX
27.68,1503,17,29,3924,10,658,StAX
27.71,3827,17,42,5281,16,375,SAX
27.77,2050,28,35,3106,2,62,SAX
27.81,2505,7,12,2755,10,50,StAX
27.89,2127,14,30,4796,16,511,SAX
27.9,4661,22,37,5577,1,394,SAX
28.07,1591,11,7,5559,10,50,StAX
28.21,914,4,34,2321,8,225,StAX
28.25,923,10,4,3309,10,742,StAX
28.26,3969,24,7,7822,14,425,SAX
28.36,2744,2,27,6764,8,371,StAX
28.48,3132,29,47,9183,16,530,SAX
28.53,4297,2,27,2737,10,754,StAX
28.76,1556,15,41,1287,16,459,SAX
29.05,705,16,30,6869,4,409,StAX
29.06,1676,27,46,1817,14,117,SAX
29.19,2328,3,15,3088,2,763,SAX
29.19,1750,10,9,4479,4,167,StAX
29.33,1067,16,6,6096,4,617,StAX
29.34,1954,13,39,8158,12,643,StAX
29.45,2505,16,28,5451,8,593,StAX
29.64,4071,3,17,3088,12,514,StAX
29.79,3483,12,59,6184,6,690,StAX
29.87,2949,16,58,236,14,50,SAX
29.93,1695,2,9,5501,12,227,StAX
30.04,5289,8,14,5692,12,847,StAX
30.17,2726,9,29,3224,16,222,SAX
30.21,2374,30,9,4917,14,174,SAX
30.27,2886,11,23,4852,4,939,StAX
30.3,3549,5,43,1554,8,366,StAX
30.31,1692,16,6,3709,6,871,StAX
30.49,3683,16,54,4315,6,437,StAX
30.55,3189,19,21,4550,1,376,SAX
30.6,3722,3,59,2949,16,395,SAX
30.75,3890,15,16,8159,2,414,SAX
30.9,375,13,12,7913,12,1028,StAX
30.92,1810,22,25,762,1,739,SAX
30.93,3567,18,26,8040,8,126,StAX
30.99,2389,11,44,2940,10,833,StAX
31,4537,7,25,7723,2,355,SAX
31.13,1494,8,38,3859,12,353,StAX
31.2,3235,4,54,7024,4,705,StAX
31.2,3895,2,18,7556,10,170,StAX
31.25,1999,6,14,7215,6,796,StAX
31.32,5255,2,48,5617,12,415,StAX
31.32,3265,18,17,8758,14,257,SAX
31.52,1047,23,29,1153,14,50,SAX
31.6,3878,17,12,5213,4,296,StAX
31.64,1116,6,19,621,8,884,StAX
31.84,4846,14,9,1744,8,455,StAX
32.09,2355,24,59,8732,16,457,SAX
32.21,2409,8,56,3338,4,740,StAX
32.35,1652,11,35,4682,8,503,StAX
32.46,5377,16,60,4539,4,683,StAX
32.49,2767,12,36,3961,1,234,SAX
32.55,2971,7,18,7442,16,179,SAX
32.71,2150,16,38,8384,14,355,SAX
32.72,3809,10,4,7151,1,391,SAX
32.75,414,14,16,4808,6,195,StAX
32.97,3499,27,4,7368,1,458,SAX
33.11,1790,2,38,7372,4,822,StAX
33.15,3229,10,52,6081,16,457,SAX
33.24,281,2,36,6087,6,741,StAX
33.26,693,10,21,3883,12,395,StAX
33.52,3715,10,1,2198,10,784,StAX
33.65,3883,28,15,6076,2,404,SAX
33.65,1417,20,30,8193,12,648,StAX
33.75,2862,7,2,2829,12,287,StAX
33.75,3583,27,8,2440,16,298,SAX
33.85,4867,19,58,5840,12,575,StAX
34.14,1302,27,40,8311,1,407,SAX
34.28,5534,29,14,3216,14,501,SAX
34.29,1951,7,19,8288,6,499,StAX
34.33,3409,2,15,5702,12,628,StAX
34.38,4029,17,32,2065,10,573,StAX
34.58,4454,20,37,9068,16,195,SAX
34.61,2346,18,45,3588,2,81,SAX
34.62,3411,12,15,1741,12,291,StAX
34.65,2919,14,11,4567,6,758,StAX
34.68,2472,4,7,2177,12,685,StAX
34.81,2178,18,14,8161,1,570,SAX
34.91,3853,14,47,4223,12,374,StAX
35.05,4646,14,57,2024,10,298,StAX
35.09,1041,7,59,8395,8,836,StAX
35.1,262,12,16,5765,12,573,StAX
35.11,4273,18,15,1230,6,448,StAX
35.22,4208,2,32,4849,1,50,SAX
35.28,2091,18,18,4441,12,324,StAX
35.28,3926,18,26,5921,8,402,StAX
35.52,5067,20,6,6401,2,763,SAX
35.54,4012,2,19,5128,4,417,StAX
35.56,2179,26,35,3459,16,406,SAX
35.64,4314,16,38,6183,8,1058,StAX
35.72,4872,19,12,4708,10,390,StAX
35.77,2343,4,40,5152,8,529,StAX
35.82,5310,5,55,4630,1,653,SAX
35.84,5090,2,20,2367,2,893,SAX
35.99,2884,10,45,2556,8,373,StAX
36.03,3490,4,51,5338,8,409,StAX
36.03,5009,20,37,2273,12,548,StAX
36.06,2184,6,42,7130,6,829,StAX
36.17,1947,19,2,4676,1,822,SAX
36.18,3157,20,49,1459,14,622,SAX
36.4,3319,10,36,3216,12,409,StAX
36.6,2852,12,27,5059,14,341,SAX
36.67,2699,7,26,8351,12,351,StAX
36.75,1767,6,11,6951,1,427,SAX
36.83,5624,14,45,4778,4,409,StAX
36.98,4935,14,21,1919,2,476,SAX
37,2922,8,60,1059,6,275,StAX
37.06,818,14,38,8396,6,624,StAX
37.07,3554,4,47,8212,4,910,StAX
37.17,2891,6,54,8075,10,884,StAX
37.21,2917,15,20,4213,10,840,StAX
37.29,2038,14,59,3033,12,846,StAX
37.39,3921,6,52,919,6,500,StAX
37.4,743,12,30,3889,16,234,SAX
37.44,2008,18,52,4669,10,472,StAX
37.55,995,4,34,1192,1,543,SAX
37.56,3959,15,6,4508,12,862,StAX
37.58,583,22,48,7325,2,130,SAX
37.83,3656,6,51,4132,2,272,SAX
37.83,5289,5,44,5828,8,628,StAX
37.93,1045,22,34,8172,16,558,SAX
38.06,3778,21,11,6337,14,533,SAX
38.14,4092,4,56,7746,4,752,StAX
38.23,4459,26,21,4810,14,50,SAX
38.25,3994,15,18,829,10,616,StAX
38.49,5644,8,53,3664,16,605,SAX
38.62,5231,8,56,2278,14,459,SAX
38.64,3765,11,46,5302,4,61,StAX
38.81,2077,14,25,6802,12,663,StAX
38.86,2059,3,45,7936,8,843,StAX
39.18,5571,3,40,4244,8,515,StAX
39.2,4169,28,46,269,16,575,SAX
39.22,3835,25,2,2771,2,351,SAX
39.23,4584,17,5,6463,1,569,SAX
39.31,990,20,3,4894,2,453,SAX
39.5,1786,18,23,2014,14,546,SAX
39.5,5921,4,14,2503,12,499,StAX
39.53,4034,9,49,2633,10,986,StAX
39.6,1225,18,32,2232,14,881,SAX
39.61,1925,15,11,6603,6,433,StAX
39.63,4544,13,52,5769,6,486,StAX
39.68,3709,4,11,4123,12,957,StAX
39.78,4241,6,24,9086,2,206,SAX
39.79,3855,15,2,4518,14,401,SAX
40.02,5982,21,38,9079,2,110,SAX
40.03,3183,13,42,4822,1,310,SAX
40.03,2994,13,29,1202,2,512,SAX
40.05,4509,11,58,6036,12,523,StAX
40.09,3233,16,59,4149,4,1128,StAX
40.11,3247,9,60,501,6,435,StAX
40.34,2474,3,50,8401,12,893,StAX
40.42,6246,9,44,3421,14,542,SAX
40.47,2776,28,41,7978,16,338,SAX
40.5,2691,7,38,6662,2,675,SAX
40.64,5238,7,14,1792,2,442,SAX
40.79,2173,11,58,316,10,465,StAX
40.87,1672,3,41,3160,16,298,SAX
40.91,3178,16,23,6453,12,491,StAX
41.05,3949,13,51,1187,2,780,SAX
41.25,2714,7,59,6247,12,801,StAX
41.25,2808,4,46,4119,10,1025,StAX
41.34,5286,15,50,896,2,765,SAX
41.45,2953,27,56,4734,1,609,SAX
41.47,1912,26,51,1318,1,745,SAX
41.5,4839,16,40,6090,14,239,SAX
41.6,2216,4,28,1677,4,274,StAX
41.66,2869,4,16,257,6,1053,StAX
41.68,3741,5,12,2439,14,412,SAX
41.83,2607,2,59,1608,6,436,StAX
41.89,4171,3,49,3988,10,1046,StAX
41.93,2819,9,15,8139,4,179,StAX
41.94,6739,20,50,5791,10,670,StAX
41.97,5374,7,48,2360,8,145,StAX
41.99,5603,15,40,2486,12,602,StAX
42.04,1343,8,38,1108,16,825,SAX
42.11,2626,13,16,5188,1,251,SAX
42.14,1708,12,40,7539,4,531,StAX
42.18,3491,20,6,2290,2,265,SAX
42.32,2047,14,14,749,14,310,SAX
42.55,5869,16,52,1845,10,1269,StAX
42.69,4435,14,38,1376,2,671,SAX
42.75,3826,19,29,822,2,914,SAX
42.76,3652,17,31,5061,8,877,StAX
42.81,2835,3,1,3347,6,445,StAX
42.92,5686,17,9,2683,1,878,SAX
43.01,3029,7,22,4332,8,1095,StAX
43.02,4144,2,11,5502,4,610,StAX
43.09,1772,9,32,6808,8,839,StAX
43.17,3241,10,41,8322,12,725,StAX
43.19,2509,12,53,3304,4,737,StAX
43.19,4363,2,53,5779,4,331,StAX
43.3,5624,13,33,8968,14,415,SAX
43.33,3775,21,49,2306,2,462,SAX
43.34,2163,13,59,882,12,677,StAX
43.39,6697,2,22,8067,2,576,SAX
43.42,6381,11,5,2421,8,548,StAX
43.54,1705,16,50,2509,6,551,StAX
43.57,3856,10,49,4761,10,189,StAX
43.58,2690,30,2,722,1,116,SAX
43.7,2493,20,15,590,12,1176,StAX
43.71,6743,26,21,3844,14,1148,SAX
43.74,2299,28,47,3882,16,512,SAX
43.82,5349,11,2,8476,1,574,SAX
43.89,1882,7,20,271,10,943,StAX
43.93,1380,4,11,4022,1,342,SAX
43.93,3362,26,7,5467,1,313,SAX
43.98,6075,10,19,8462,6,1031,StAX
44.06,7436,26,6,7198,1,352,SAX
44.1,5380,19,47,590,6,532,StAX
44.11,4465,17,51,1244,14,631,SAX
44.13,5201,5,42,7953,8,742,StAX
44.14,2251,19,56,196,16,508,SAX
44.15,6911,4,39,5686,4,1132,StAX
44.24,1834,5,23,6174,12,651,StAX
44.34,665,23,16,5401,14,491,SAX
44.35,1953,18,29,4330,2,474,SAX
44.42,5518,5,17,2350,1,391,SAX
44.52,1063,28,31,3844,1,344,SAX
44.54,5686,20,44,6014,4,644,StAX
44.59,5996,9,11,8687,2,522,SAX
44.62,4545,19,26,3064,16,502,SAX
44.64,4497,4,44,6727,8,872,StAX
44.65,5381,24,27,9078,16,240,SAX
44.71,2788,19,33,3642,14,310,SAX
44.71,3093,14,54,2164,4,647,StAX
44.77,2993,4,12,2089,4,380,StAX
44.8,4734,17,14,1783,1,665,SAX
44.91,3434,11,53,8596,1,848,SAX
44.96,1912,20,56,6293,6,423,StAX
45.01,5577,4,11,1446,12,492,StAX
45.03,5185,4,18,8129,10,1156,StAX
45.13,6467,6,21,6888,4,817,StAX
45.2,4602,25,19,735,16,162,SAX
45.4,7152,15,57,4834,10,802,StAX
45.43,1356,14,53,2571,6,931,StAX
45.48,5938,11,14,335,4,518,StAX
45.53,4796,12,27,2152,4,820,StAX
45.54,1798,23,15,8850,2,480,SAX
45.59,2936,3,25,2189,8,974,StAX
45.62,3857,9,14,4671,10,1004,StAX
45.77,5903,7,11,4775,6,454,StAX
45.77,1696,24,59,9057,1,885,SAX
45.8,5172,20,42,1731,12,275,StAX
45.81,5318,6,2,4875,8,513,StAX
45.83,5037,5,52,7458,16,360,SAX
45.87,3514,8,36,2124,12,534,StAX
45.91,4629,18,59,8763,14,843,SAX
45.97,3562,12,52,6267,12,847,StAX
46.01,6330,5,7,1515,1,770,SAX
46.03,2195,5,35,3947,10,482,StAX
46.07,810,8,46,3310,4,478,StAX
46.17,5849,23,18,4818,16,50,SAX
46.19,4554,16,48,6100,8,798,StAX
46.27,3770,3,46,4124,12,569,StAX
46.4,4013,13,55,5916,10,863,StAX
46.42,7058,14,27,3487,12,785,StAX
46.45,3247,16,59,8000,6,1135,StAX
46.47,5866,9,31,5863,12,615,StAX
46.5,7561,27,8,8116,2,218,SAX
46.64,3490,13,50,6777,16,138,SAX
46.72,1859,20,42,706,8,1157,StAX
46.85,1238,25,57,282,1,219,SAX
46.93,2779,16,43,2261,8,1000,StAX
46.95,725,13,41,3762,14,612,SAX
46.97,4767,20,15,2598,4,941,StAX
46.99,4392,14,7,7308,8,512,StAX
47.22,5891,7,36,3580,14,884,SAX
47.26,4602,18,20,8895,14,941,SAX
47.29,3689,6,37,5562,10,519,StAX
47.32,1113,8,17,4764,10,934,StAX
47.36,6745,13,15,3768,8,1020,StAX
47.5,6827,12,38,5982,10,848,StAX
47.54,2871,21,37,9027,16,840,SAX
47.59,3104,16,17,2564,1,618,SAX
47.61,6955,24,37,556,14,806,SAX
47.67,4683,17,41,8788,14,612,SAX
47.75,3585,5,32,498,6,976,StAX
47.75,4515,11,21,5968,6,1069,StAX
47.8,2673,6,34,5044,1,822,SAX
47.8,6204,11,49,5495,12,1369,StAX
47.85,1975,10,6,723,4,1126,StAX
48.04,5116,14,34,3260,10,972,StAX
48.04,1068,2,31,2640,10,1227,StAX
48.08,4044,12,13,4560,1,1083,SAX
48.2,1161,28,2,2741,1,104,SAX
48.27,7391,4,21,4039,16,493,SAX
48.38,3312,18,5,4456,14,909,SAX
48.41,3219,27,58,2452,1,153,SAX
48.44,2288,6,13,4983,8,1064,StAX
48.56,4846,2,3,2240,6,797,StAX
48.69,6535,20,9,889,6,684,StAX
48.7,1761,20,40,288,4,852,StAX
48.83,5519,17,17,4993,12,1123,StAX
48.83,6970,2,42,7147,16,531,SAX
48.96,1071,14,52,236,16,258,SAX
48.99,3947,17,55,9361,14,272,SAX
49.04,2704,27,46,4982,2,927,SAX
49.08,8124,9,10,7582,10,1241,StAX
49.32,1972,9,32,528,16,689,SAX
49.37,4208,16,8,1594,14,1083,SAX
49.39,6554,24,14,1348,16,240,SAX
49.46,6398,23,54,6315,16,719,SAX
49.56,5782,9,55,5437,1,258,SAX
49.58,8162,16,17,3417,10,636,StAX
49.58,4247,26,42,9101,16,185,SAX
49.62,3334,16,7,3976,4,833,StAX
49.64,5826,15,10,7385,8,788,StAX
49.64,1584,4,58,6455,10,750,StAX
49.66,2536,9,6,4891,10,948,StAX
49.8,4998,10,7,1346,6,770,StAX
49.94,2260,18,22,5145,14,444,SAX
50.12,5668,16,39,5659,10,966,StAX
50.15,984,12,37,4983,14,613,SAX
50.24,4561,6,58,1741,8,836,StAX
50.27,6902,18,12,6005,6,486,StAX
50.27,5012,10,20,4762,12,486,StAX
50.33,6737,7,53,8149,6,1244,StAX
50.35,3289,23,8,3103,2,938,SAX
50.49,5314,16,41,7043,2,656,SAX
50.78,8061,23,29,1540,16,529,SAX
50.83,3982,3,33,7910,6,909,StAX
50.84,3576,14,12,4853,6,495,StAX
50.99,7388,13,1,5537,14,823,SAX
51.16,3273,28,18,8974,14,900,SAX
51.43,3940,7,55,4975,6,392,StAX
51.43,7147,10,51,7049,2,886,SAX
51.46,3652,11,59,1119,14,913,SAX
51.62,6015,12,57,795,10,945,StAX
51.68,1651,28,14,6429,16,908,SAX
51.7,6500,26,2,1345,16,602,SAX
51.8,2904,29,31,2884,1,881,SAX
51.85,7288,6,10,6557,14,235,SAX
51.87,5645,8,58,5960,6,1261,StAX
51.95,5336,16,58,7698,12,910,StAX
52.04,7023,9,57,5094,10,469,StAX
52.24,6836,5,8,4280,16,329,SAX
52.39,4160,12,13,3766,1,957,SAX
52.43,7000,17,39,5297,14,1156,SAX
52.44,6591,9,25,8258,8,499,StAX
52.62,2929,17,35,6716,4,1031,StAX
52.62,4796,18,47,3078,10,269,StAX
52.7,7641,20,17,2959,2,979,SAX
52.71,3240,7,38,2407,10,708,StAX
52.72,4210,4,25,6454,4,956,StAX
52.73,7601,7,7,3269,8,662,StAX
52.94,7045,16,40,2241,10,827,StAX
52.98,1207,20,11,6994,10,547,StAX
53.09,4556,13,46,7908,2,747,SAX
53.22,6556,9,53,3856,16,115,SAX
53.27,4288,28,17,7553,2,515,SAX
53.33,6563,12,3,3895,12,679,StAX
53.36,6871,2,47,4650,2,569,SAX
53.4,3333,23,32,2642,14,1087,SAX
53.46,2394,6,18,196,6,1478,StAX
53.48,3839,19,7,4944,14,811,SAX
53.52,6807,20,8,5404,12,977,StAX
53.58,3761,11,20,4973,1,780,SAX
53.75,2072,7,53,6553,1,1002,SAX
53.82,4691,7,48,2630,10,1031,StAX
53.86,7760,3,40,961,2,639,SAX
53.99,6550,9,15,5950,14,293,SAX
54.02,6450,18,42,1681,4,975,StAX
54.03,8487,18,46,5164,14,249,SAX
54.05,1276,2,15,2757,10,424,StAX
54.06,3717,4,45,5632,4,753,StAX
54.15,3792,7,19,2368,12,1365,StAX
54.19,7130,16,28,6975,4,565,StAX
54.27,6152,18,4,4343,1,659,SAX
54.3,3634,15,16,4191,6,538,StAX
54.31,5114,17,29,2584,8,822,StAX
54.39,8096,19,52,7199,10,462,StAX
54.43,6953,15,37,7929,6,1181,StAX
54.43,6937,12,45,1913,10,1055,StAX
54.64,3738,17,25,476,12,1289,StAX
54.68,4603,2,37,3210,14,207,SAX
54.76,2799,7,57,6996,16,1203,SAX
54.76,6039,3,48,8895,2,898,SAX
54.89,3430,16,23,1681,4,853,StAX
55.04,6642,4,25,6790,2,346,SAX
55.07,5096,22,12,6673,14,681,SAX
55.15,2874,11,10,3236,8,1096,StAX
55.22,6781,7,24,7650,12,962,StAX
55.27,3595,19,24,3547,1,465,SAX
55.35,6826,15,43,6104,10,1002,StAX
55.4,2422,12,30,1146,4,191,StAX
55.43,2564,15,22,7940,2,333,SAX
55.56,6136,10,51,612,10,1130,StAX
55.6,2441,20,54,5042,2,1062,SAX
55.87,4426,20,17,2240,16,333,SAX
55.96,3766,15,45,5814,6,1171,StAX
55.96,4065,5,52,2959,2,483,SAX
55.97,7916,16,58,2551,16,296,SAX
55.97,4678,13,29,7794,2,1025,SAX
55.98,4609,8,30,5148,12,534,StAX
56.15,4060,5,60,1009,10,1076,StAX
56.19,2672,12,39,3812,16,543,SAX
56.2,7400,17,18,1997,8,1171,StAX
56.24,3553,13,22,3411,2,655,SAX
56.27,2357,22,19,6102,14,466,SAX
56.28,3715,25,21,2519,1,1073,SAX
56.29,8082,15,55,3734,8,1207,StAX
56.56,3827,27,38,1752,2,320,SAX
56.82,3180,10,15,5855,12,888,StAX
56.86,2254,11,22,2025,8,440,StAX
56.97,5854,4,1,938,10,1683,StAX
57.02,6339,29,10,4465,2,841,SAX
57.03,8315,20,40,283,12,1634,StAX
57.04,2875,3,51,2352,10,1120,StAX
57.16,4833,11,40,6557,8,1114,StAX
57.19,6580,16,53,7286,8,1083,StAX
57.26,3541,14,3,3858,10,820,StAX
57.43,6346,10,5,5338,4,1155,StAX
57.43,6532,9,3,7977,1,1187,SAX
57.46,5531,13,15,8485,4,622,StAX
57.56,1918,9,59,5247,2,1104,SAX
57.72,6506,16,38,4331,8,1398,StAX
57.75,6715,9,36,5226,6,356,StAX
57.78,7555,8,5,2029,8,528,StAX
57.86,2194,9,24,7662,1,493,SAX
57.9,2607,2,7,8777,16,709,SAX
58.22,5188,15,45,6397,12,815,StAX
58.29,5208,9,10,8287,8,529,StAX
58.45,3802,2,16,4469,4,1347,StAX
58.53,7988,7,56,271,12,1134,StAX
58.8,8065,9,6,7746,12,1093,StAX
58.9,6595,13,7,3652,1,1004,SAX
58.94,6014,14,3,4164,10,479,StAX
59.01,4999,20,27,3108,6,1565,StAX
59.03,7092,12,41,3022,12,1153,StAX
59.17,4629,25,15,8058,14,217,SAX
59.28,7907,10,41,5566,10,962,StAX
59.34,3079,2,51,6000,1,412,SAX
59.37,8400,10,24,7216,8,998,StAX
59.45,1994,14,52,5709,1,944,SAX
59.59,4346,23,51,2036,1,1049,SAX
59.6,1954,25,41,4037,1,75,SAX
59.67,3203,23,31,1362,1,585,SAX
59.75,7107,26,53,7210,14,705,SAX
59.82,8259,12,44,3793,1,761,SAX
59.84,2149,25,11,7961,1,256,SAX
59.86,4913,21,23,2941,16,1061,SAX
59.9,5227,9,18,1323,6,1372,StAX
59.94,7863,23,12,2365,2,818,SAX
59.94,4027,7,41,6697,12,1279,StAX
59.97,5076,10,44,5999,6,719,StAX
60.27,8504,16,15,2863,14,200,SAX
60.44,2371,28,52,585,16,178,SAX
60.47,7355,23,49,8947,16,425,SAX
60.79,6009,8,19,4343,14,1003,SAX
60.92,7596,20,54,2884,1,521,StAX
61.05,7770,5,24,6608,2,879,StAX
61.06,5156,13,52,7807,6,1611,StAX
61.07,2870,16,58,3047,4,371,StAX
61.1,7319,16,54,2167,6,1485,StAX
61.14,2338,20,42,4486,1,571,StAX
61.21,3608,14,59,6264,2,1296,StAX
61.45,2236,22,15,4858,14,1253,SAX
61.56,6634,15,60,6982,4,526,StAX
61.58,3804,2,19,689,14,687,SAX
61.6,7005,15,44,1946,8,337,StAX
61.64,9162,15,43,1673,12,545,StAX
61.69,3122,5,59,3515,2,700,StAX
61.7,1817,4,37,5279,12,992,StAX
61.7,4218,9,22,6196,8,926,StAX
61.71,1892,27,38,8562,14,501,SAX
61.9,4936,16,40,2875,8,1521,StAX
61.92,7550,10,52,2189,10,765,StAX
62.06,3282,16,47,7731,2,1227,StAX
62.1,5295,16,43,7119,2,946,StAX
62.39,4049,12,16,1171,10,1201,StAX
62.39,2743,15,6,981,10,617,StAX
62.52,6050,2,24,1313,10,1308,StAX
62.65,8786,16,45,8177,6,964,StAX
62.78,7765,15,9,8330,8,1035,StAX
62.87,3547,11,29,4878,8,422,StAX
62.93,5994,11,56,7311,8,1550,StAX
63.08,2867,8,60,2675,6,1157,StAX
63.1,1791,29,44,3829,16,1055,SAX
63.16,3094,6,25,6536,8,511,StAX
63.21,8690,28,60,8940,16,442,SAX
63.29,2127,6,14,7952,12,1019,StAX
63.42,6753,9,29,195,4,948,StAX
63.48,8396,9,37,7763,6,1060,StAX
63.51,3922,8,53,1983,12,231,StAX
63.87,7533,19,18,2520,4,532,StAX
63.96,6581,4,8,8268,10,771,StAX
63.98,6571,19,4,6026,6,1113,StAX
64.12,3665,18,10,6954,1,134,StAX
64.24,4149,28,43,2744,16,1034,SAX
64.24,2251,28,9,1180,16,650,SAX
64.24,2033,6,59,3418,10,1172,StAX
64.26,6391,2,8,6620,8,376,StAX
64.28,4512,26,2,8894,16,287,SAX
64.29,1987,13,10,1214,4,1246,StAX
64.41,5060,17,25,2251,12,695,StAX
64.42,10363,12,39,2267,6,1178,StAX
64.51,5215,11,34,7659,16,1131,SAX
64.56,8793,17,41,2947,14,945,SAX
64.56,2752,19,14,5175,1,507,StAX
64.63,8595,14,20,6309,10,849,StAX
64.65,4181,14,20,7952,8,1115,StAX
64.73,3737,17,48,684,16,351,SAX
64.9,6498,19,21,5670,12,1522,StAX
64.92,3965,11,17,5114,10,764,StAX
65.28,5052,6,48,710,8,1625,StAX
65.48,8465,16,1,7263,14,149,SAX
65.49,2817,18,45,4922,14,738,SAX
65.49,9179,17,13,3648,8,1236,StAX
65.58,7624,10,27,2373,10,1007,StAX
65.61,5246,10,47,1402,8,651,StAX
65.73,7128,15,49,2220,10,1072,StAX
66.15,5128,15,19,1585,16,1225,SAX
66.23,9037,13,47,984,12,1094,StAX
66.39,5047,10,14,2697,1,1454,StAX
66.41,1836,19,16,4388,10,1600,StAX
66.56,4868,20,60,570,2,1002,StAX
66.83,2667,5,19,3053,8,495,StAX
66.84,8103,2,31,5919,8,1350,StAX
67.22,7868,27,35,299,14,444,SAX
67.25,5590,15,37,5038,2,336,StAX
67.28,2882,12,19,3623,10,1074,StAX
67.28,3950,27,22,4382,14,672,SAX
67.3,4364,16,18,7568,6,1173,StAX
67.31,4457,4,4,3943,10,889,StAX
67.32,8946,9,45,3891,8,1122,StAX
67.33,8035,12,15,1613,16,844,SAX
67.38,6453,4,10,7615,4,1042,StAX
67.45,5608,7,15,1244,8,1339,StAX
67.46,8321,11,1,763,12,593,StAX
67.53,9055,19,31,3705,1,586,StAX
68.14,5288,16,2,4865,8,1439,StAX
68.25,3247,2,50,796,6,792,StAX
68.26,10035,14,30,5513,4,1861,StAX
68.31,2630,3,3,5868,16,507,SAX
68.41,4891,5,50,5944,1,1111,StAX
68.59,7563,13,50,2250,1,1507,StAX
68.66,4921,12,6,1789,14,1056,SAX
68.76,9575,18,4,7761,2,1334,StAX
68.77,9556,7,8,8235,14,505,SAX
68.9,9376,19,22,1839,12,742,StAX
68.9,7340,11,4,7182,2,676,StAX
68.9,7370,13,15,1824,6,1582,StAX
68.97,4314,28,30,1021,16,1027,SAX
69.48,5344,15,37,9098,14,725,SAX
69.53,5464,7,37,3604,12,1196,StAX
69.71,7457,10,38,4668,6,1064,StAX
69.79,9654,5,4,8859,14,728,SAX
69.81,2449,15,15,541,16,1071,SAX
69.85,4440,7,59,4439,10,629,StAX
70.12,6080,19,17,231,2,1508,StAX
70.15,9598,13,16,5923,14,364,SAX
70.16,9445,10,51,6826,1,363,StAX
70.3,3562,8,10,5113,8,1155,StAX
70.32,9925,4,25,1575,4,1097,StAX
70.38,3649,6,10,570,6,1572,StAX
70.39,3204,17,31,5396,1,1511,StAX
70.44,5740,11,9,508,16,1371,SAX
70.56,6784,19,10,2957,8,633,StAX
70.62,7368,4,32,7263,16,769,SAX
70.92,3012,11,45,4399,6,1023,StAX
70.95,10012,19,2,6978,2,1233,StAX
70.97,3533,17,48,7868,12,907,StAX
71.05,7038,10,32,2697,2,1166,StAX
71.05,2829,16,55,6847,4,1358,StAX
71.06,8415,15,60,5718,4,1685,StAX
71.12,5885,16,25,5419,10,1796,StAX
71.36,8287,9,59,6298,1,1227,StAX
71.37,2349,3,9,169,14,756,SAX
71.56,9522,9,60,4890,12,935,StAX
71.61,3505,19,25,794,14,1167,SAX
71.69,11131,13,46,2677,2,1643,StAX
71.75,5599,4,38,2765,8,425,StAX
71.81,6313,9,30,824,4,1107,StAX
71.84,6591,3,24,4643,6,936,StAX
71.87,3016,15,60,2731,1,1140,StAX
71.91,7987,30,38,7650,16,749,SAX
71.98,6499,16,30,1492,2,555,StAX
72.08,8893,10,42,1679,4,865,StAX
72.09,5385,8,59,2121,1,1419,StAX
72.18,7572,3,54,3672,4,1443,StAX
72.3,6609,9,35,1065,14,1139,SAX
72.4,10272,3,34,2992,1,1209,StAX
72.48,5571,6,7,8415,10,1945,StAX
72.7,9359,11,33,3062,10,658,StAX
72.76,5918,6,25,5063,12,668,StAX
72.81,7113,14,7,4679,4,1117,StAX
72.92,9640,4,54,7151,2,1202,StAX
73.01,5006,9,21,3479,6,1110,StAX
73.01,6548,18,29,4656,2,1450,StAX
73.02,8892,15,15,6494,4,1750,StAX
73.05,2201,15,25,3426,6,1703,StAX
73.2,7364,11,53,6711,2,1506,StAX
73.26,3597,11,55,7748,12,772,StAX
73.4,9855,2,5,935,6,1023,StAX
73.64,7663,25,32,8803,16,544,SAX
73.68,10077,3,21,4319,12,1188,StAX
73.77,8929,21,53,5921,14,1482,SAX
74.02,5574,14,28,6056,6,1909,StAX
74.13,6179,20,34,3431,8,227,StAX
74.32,2127,13,10,6244,12,1335,StAX
74.46,4843,21,53,1598,16,1319,SAX
74.76,9175,17,18,3149,6,756,StAX
74.79,4311,19,40,5106,2,1972,StAX
74.85,5643,20,32,4651,1,906,StAX
74.89,4798,5,35,6252,4,676,StAX
75,9809,16,3,8125,16,499,SAX
75.02,2119,3,4,7846,4,990,StAX
75.04,4916,2,1,6094,10,563,StAX
75.04,2177,23,27,3142,14,1001,SAX
75.12,8077,4,47,6072,8,1025,StAX
75.21,4144,17,46,8921,16,684,SAX
75.23,7881,13,17,5203,10,965,StAX
75.25,5498,22,56,2523,14,704,SAX
75.27,3673,9,53,1044,12,586,StAX
75.3,4833,2,15,6641,4,1839,StAX
75.47,11145,17,24,8301,14,1345,SAX
75.8,9740,8,36,1567,2,1525,StAX
75.98,3375,6,32,8498,12,748,StAX
76.06,4837,14,1,459,12,598,StAX
76.08,9995,6,39,570,14,326,SAX
76.14,8640,13,2,3480,12,1746,StAX
76.17,11157,4,43,6175,12,676,StAX
76.17,8054,3,12,6290,8,1825,StAX
76.42,10866,4,55,3485,8,955,StAX
76.5,7876,12,37,4093,10,1400,StAX
76.54,6632,16,2,6077,4,865,StAX
76.78,9577,2,14,4093,1,304,StAX
76.81,2046,10,3,2025,12,1705,StAX
76.97,2416,19,42,7280,6,1815,StAX
77.1,2609,11,36,2653,1,1496,StAX
77.34,3504,8,20,4425,2,1566,StAX
77.38,11192,5,48,3864,10,1661,StAX
77.42,8796,19,12,4019,12,1582,StAX
77.47,8760,6,1,6281,6,976,StAX
77.63,10581,17,22,2580,16,732,SAX
77.72,8402,3,30,3413,12,1592,StAX
77.74,4411,14,17,154,4,1788,StAX
78.03,9013,18,32,2355,2,221,StAX
78.07,6603,6,40,2881,8,947,StAX
78.52,6057,11,36,8128,10,666,StAX
78.67,8942,18,51,5948,12,1564,StAX
78.75,2125,4,7,7384,12,267,StAX
79.02,7867,10,40,1481,12,446,StAX
79.16,5527,29,23,8646,14,651,SAX
79.21,4742,13,31,4502,4,842,StAX
79.32,6430,7,47,2995,12,1683,StAX
79.37,11496,25,50,1220,14,863,SAX
79.39,2784,22,46,4070,14,258,SAX
79.42,6665,11,13,8179,8,1271,StAX
79.88,5751,4,58,5734,6,605,StAX
79.94,9999,6,22,6109,14,1577,SAX
80.11,2003,19,2,3094,6,763,StAX
80.31,5215,13,35,2796,8,1998,StAX
80.44,8361,15,20,6973,6,762,StAX
80.57,2711,2,36,6909,2,772,StAX
80.62,4173,5,9,3177,12,1096,StAX
80.73,5076,7,60,5436,1,1822,StAX
80.79,4632,4,49,7334,1,648,StAX
80.83,7779,11,44,6974,4,1316,StAX
80.84,9769,14,19,6731,6,2107,StAX
80.94,5810,18,9,8337,12,1544,StAX
81.08,11680,13,11,6739,6,1814,StAX
81.16,6979,13,24,4525,10,1971,StAX
81.17,7953,4,11,8249,6,1741,StAX
81.26,10009,4,43,8051,1,687,StAX
81.29,9367,2,42,6680,1,905,StAX
81.43,8876,10,45,2077,12,1499,StAX
81.48,6786,8,8,7646,2,879,StAX
81.62,2011,19,46,5291,12,1648,StAX
81.87,8782,8,29,4969,10,537,StAX
82.14,12015,11,28,7744,1,1535,StAX
82.5,9627,16,24,5734,8,1685,StAX
82.53,5891,19,60,533,10,1024,StAX
82.54,3342,12,14,406,8,1592,StAX
82.64,2922,19,43,7168,2,1149,StAX
82.77,7765,19,43,3324,2,1778,StAX
82.9,9736,20,27,4611,2,2069,StAX
82.91,6550,26,11,326,16,940,SAX
82.91,5831,11,6,7624,12,1761,StAX
82.96,4885,12,15,4951,2,1958,StAX
83.16,11000,8,36,750,1,1148,StAX
83.64,10602,12,56,7261,8,1397,StAX
83.66,10162,13,47,5883,1,887,StAX
83.71,8290,12,16,4252,12,878,StAX
83.79,8287,5,31,2374,4,1410,StAX
83.91,10730,12,46,2971,14,893,SAX
84,6591,18,30,2614,8,1729,StAX
84.04,3729,8,44,3281,16,1061,SAX
84.39,8419,4,19,1526,10,1080,StAX
84.46,4594,9,44,2330,10,1545,StAX
84.46,12093,6,59,8064,12,1252,StAX
84.56,7158,18,5,5873,1,1414,StAX
84.63,11983,10,45,686,2,1072,StAX
85.09,4724,4,29,7832,10,1437,StAX
85.39,2520,9,11,1684,10,1581,StAX
85.45,10232,12,59,6124,8,281,StAX
85.52,8909,7,6,3913,4,1176,StAX
85.55,6346,6,59,1967,8,773,StAX
85.57,11118,20,7,3138,1,1562,StAX
85.78,3307,9,18,1519,1,773,StAX
85.81,5758,19,42,8500,1,1965,StAX
85.87,5176,5,5,1860,1,1275,StAX
85.9,10160,10,33,6859,6,747,StAX
85.92,8886,7,34,4146,1,694,StAX
86.09,4793,29,55,6141,16,913,SAX
86.22,4605,17,49,7751,4,1427,StAX
86.3,10230,3,10,3245,16,156,SAX
86.36,12290,23,14,1973,14,1601,SAX
86.37,6215,6,41,529,12,1984,StAX
86.45,11467,3,16,280,6,904,StAX
86.47,4187,20,14,3163,12,632,StAX
86.54,7341,20,35,3646,8,1767,StAX
86.54,4867,13,40,7321,1,743,StAX
87.16,8845,6,6,3372,1,1154,StAX
87.23,9660,8,53,1624,1,1710,StAX
87.58,4168,13,7,1029,4,1041,StAX
87.62,10929,11,34,3516,8,1675,StAX
87.77,10391,18,38,6595,12,1460,StAX
87.83,4870,16,41,1390,4,1420,StAX
87.85,3992,14,12,5419,6,1048,StAX
87.9,10742,4,47,7783,6,1422,StAX
87.93,9370,20,51,3543,12,1884,StAX
87.96,8410,3,6,3231,8,1154,StAX
88.13,11040,19,51,1479,16,1416,SAX
88.39,7100,7,29,2403,1,1920,StAX
88.46,7524,5,56,2220,8,314,StAX
88.56,10100,9,16,5422,16,852,SAX
88.73,2162,16,37,7698,12,2245,StAX
88.85,12425,11,7,5911,12,1348,StAX
88.9,9885,12,24,3478,2,1082,StAX
88.92,7821,15,51,6052,4,1506,StAX
89.12,11421,4,29,3698,1,1760,StAX
89.41,6565,3,35,5922,2,939,StAX
89.53,12184,20,29,518,1,799,StAX
89.75,8076,14,26,1666,10,1189,StAX
89.86,9279,3,29,2593,10,1187,StAX
89.89,3400,16,50,7748,14,484,SAX
89.98,3187,4,36,8189,16,1093,SAX
90.06,6444,29,4,2343,14,734,SAX
90.18,7385,25,50,344,16,1449,SAX
90.27,11166,16,2,3311,16,1490,SAX
90.39,6217,6,24,3159,4,711,StAX
90.44,5302,10,44,8400,6,1048,StAX
90.63,7602,2,20,5913,1,2064,StAX
91,10247,18,24,7042,1,2112,StAX
91.01,10795,2,21,1520,1,959,StAX
91.04,6749,5,21,7687,12,1847,StAX
91.1,6280,13,44,566,10,1513,StAX
91.13,8471,15,53,2805,14,451,SAX
91.24,4723,17,22,1606,12,1268,StAX
91.4,10219,3,32,2244,16,1728,SAX
91.56,9915,11,10,6921,14,1420,SAX
91.71,5083,23,32,8307,16,1033,SAX
91.77,3017,10,47,816,12,427,StAX
91.95,5785,23,60,919,16,1150,SAX
92.28,11962,8,3,6394,2,505,StAX
92.29,6833,12,17,2119,4,1951,StAX
92.3,4833,5,23,7212,6,1475,StAX
92.3,10261,7,34,8368,6,2418,StAX
92.45,2119,7,11,7270,14,1436,SAX
92.48,13602,5,24,7730,4,1998,StAX
92.64,7959,5,53,5933,1,1139,StAX
92.81,12198,10,5,8445,12,1281,StAX
92.9,3323,13,46,7682,1,915,StAX
92.94,6523,2,60,8019,12,464,StAX
93.26,13810,13,19,6863,6,813,StAX
93.28,4728,4,2,7855,8,2163,StAX
93.37,9684,10,16,7726,6,1171,StAX
93.44,13636,28,58,200,16,1071,SAX
93.76,10399,20,9,2411,10,2049,StAX
93.83,11992,18,48,3891,1,665,StAX
93.84,5257,22,18,9174,16,588,SAX
93.86,12319,4,46,6270,4,2330,StAX
94.46,5075,18,60,7888,4,1232,StAX
94.56,11819,10,51,2758,12,2035,StAX
94.64,10639,11,6,5512,2,1504,StAX
94.96,9071,20,36,3426,12,605,StAX
94.97,7706,18,1,7636,10,2082,StAX
95,10449,17,39,6575,8,1101,StAX
95.07,9853,2,59,6219,8,1430,StAX
95.21,8268,15,29,5120,1,2142,StAX
95.35,2624,12,39,2297,16,787,SAX
95.51,14014,15,43,7470,4,631,StAX
95.59,7572,20,49,5860,10,1531,StAX
95.71,3899,29,45,3621,16,1614,SAX
95.76,12336,4,59,2004,2,1282,StAX
95.96,9100,5,56,5921,8,2154,StAX
96.39,11434,28,55,1768,14,1268,SAX
96.46,6382,4,23,745,1,1701,StAX
96.9,11715,3,2,3459,1,941,StAX
97.05,2636,14,10,7230,2,1256,StAX
97.14,10141,8,11,5113,10,1226,StAX
97.24,8257,19,12,5124,8,1095,StAX
97.26,9495,5,8,6089,2,855,StAX
97.28,5737,5,47,1560,1,1186,StAX
97.3,4624,21,3,3657,16,793,SAX
97.3,10168,13,38,1846,1,2303,StAX
97.64,11372,14,23,1087,10,2043,StAX
97.78,13455,9,18,683,10,1252,StAX
97.83,7195,12,60,7408,1,895,StAX
97.87,14828,11,25,7441,1,1795,StAX
98.12,4676,3,52,5571,16,496,SAX
98.2,9762,19,16,4549,14,1083,SAX
98.21,11714,12,41,1384,12,1161,StAX
98.39,14136,5,54,6437,12,2317,StAX
98.57,7349,17,31,7474,6,895,StAX
98.63,10345,17,40,5111,12,2077,StAX
98.75,6995,14,49,7694,16,1760,SAX
98.77,13389,17,59,2515,1,589,StAX
98.77,5861,6,44,5597,14,1574,SAX
99,4139,24,43,4064,16,673,SAX
99.16,7603,15,13,7486,12,1957,StAX
99.19,7237,10,18,7310,6,1206,StAX
99.23,10249,14,10,1460,2,777,StAX
99.51,13958,4,9,3053,10,1736,StAX
99.56,10109,19,23,3981,6,1285,StAX
100.09,10384,17,23,2203,1,1446,PXTG
100.1,3138,11,49,3896,8,1823,PXTG
100.12,6017,12,33,5274,4,1829,PXTG
100.2,13534,12,27,9224,14,1308,SAX
100.25,10448,14,44,625,2,1940,PXTG
100.27,5661,18,34,3400,2,2055,PXTG
100.3,5004,9,30,7015,6,1355,PXTG
100.43,14575,17,50,2427,4,1626,PXTG
100.46,5489,15,28,3566,14,585,SAX
100.8,10871,15,35,3152,6,1236,PXTG
100.91,3039,20,15,2394,12,909,SAX
101.03,9005,11,45,4535,6,1550,PXTG
101.06,13169,14,37,4657,16,950,SAX
101.15,4461,16,28,3269,6,1505,PXTG
102.04,5230,8,49,8220,6,996,PXTG
102.25,3459,20,11,3084,6,1700,PXTG
102.35,4325,23,39,2074,14,1594,SAX
102.97,12575,8,54,7409,10,856,SAX
103.19,11310,24,36,5345,4,1473,PXTG
103.33,12935,15,44,1459,10,1675,SAX
103.35,15943,14,41,7012,1,1732,PXTG
103.5,10689,22,49,8608,2,1559,PXTG
103.64,12380,16,17,3432,1,1641,PXTG
104.39,12407,20,20,9096,16,1870,SAX
104.55,11049,17,39,1672,12,2031,SAX
104.55,4479,10,15,5715,6,1790,PXTG
104.64,9760,14,24,6081,12,364,SAX
104.67,7648,26,28,2842,16,241,SAX
104.8,10649,13,10,687,6,1608,PXTG
105.02,7835,17,11,1860,8,1028,PXTG
105.35,12673,25,22,6813,6,1011,PXTG
105.52,12116,16,24,1416,6,1567,PXTG
105.71,15205,17,30,1846,4,2326,PXTG
105.86,13082,18,22,1892,1,1105,PXTG
105.87,5025,17,49,3082,2,1825,PXTG
106.05,11621,20,46,5286,2,1439,PXTG
106.23,9400,22,4,2365,16,1491,SAX
106.49,9412,11,43,1628,10,1621,SAX
106.67,6749,13,12,8693,1,1508,PXTG
106.76,5748,10,6,3109,14,441,SAX
107.2,7232,19,21,1889,10,695,SAX
107.29,14806,20,32,7419,4,1100,PXTG
107.31,6652,22,2,1636,12,1078,SAX
107.58,6944,20,11,6984,4,1565,PXTG
107.84,7690,9,43,4292,1,1383,PXTG
108.07,6997,10,43,3748,4,1522,PXTG
108.11,4586,10,33,8115,4,1722,PXTG
108.46,15452,18,34,6904,1,965,PXTG
108.8,15578,3,7,5939,12,603,SAX
109.06,3231,14,60,4495,12,1723,SAX
109.37,10737,8,39,7629,2,1819,PXTG
109.43,11082,25,32,1442,2,1375,PXTG
109.58,7703,8,27,1022,4,844,PXTG
109.62,7981,6,23,8566,16,2151,SAX
109.99,10861,22,6,8206,14,1175,SAX
110.03,14802,10,25,4733,6,1986,PXTG
111.44,5318,10,25,3073,2,1002,PXTG
111.49,10061,10,50,8168,1,1144,PXTG
111.72,11616,18,32,5269,6,1360,PXTG
111.75,5548,2,18,7079,12,655,SAX
111.84,8817,3,32,4759,14,1598,SAX
112.64,16453,24,31,9436,16,694,SAX
112.76,8673,7,41,3203,12,1412,SAX
113.03,6488,13,11,7255,4,1113,PXTG
113.48,15027,12,28,4764,4,1213,PXTG
113.61,14623,14,16,8264,8,1970,PXTG
113.69,13511,15,12,4595,2,1904,PXTG
113.76,6738,29,26,4755,12,723,SAX
113.85,9016,10,41,8220,14,724,SAX
113.92,8726,22,23,6587,6,1824,PXTG
114.07,13723,12,45,6128,8,2001,PXTG
114.08,11039,23,21,2804,8,1557,PXTG
114.45,10169,21,28,7940,2,1786,PXTG
114.9,7908,25,25,8387,14,2239,SAX
115.11,14615,21,33,5509,1,2050,PXTG
115.36,13327,20,11,5925,2,1013,PXTG
115.49,7559,12,33,3838,16,332,SAX
115.82,14366,14,20,2165,2,2151,PXTG
116.16,8173,12,12,5551,4,1569,PXTG
116.47,11055,20,44,6525,12,2116,SAX
116.49,15647,15,27,6089,8,1833,PXTG
116.5,13966,29,46,7865,14,1017,SAX
116.62,15894,9,24,3042,6,1901,PXTG
116.78,12796,15,28,1053,2,1794,PXTG
117.49,10532,17,46,2996,2,1697,PXTG
117.62,10173,14,48,6748,6,2195,PXTG
117.88,6829,20,44,7881,12,347,SAX
117.96,12646,27,32,7531,12,1081,SAX
118.48,16942,16,24,7168,16,593,SAX
118.57,7568,26,43,7655,14,333,SAX
119.09,14671,16,50,7711,4,2041,PXTG
119.29,15382,16,59,6915,14,2213,SAX
119.82,17604,17,19,8619,1,1184,PXTG
119.85,16557,12,39,5328,1,1241,PXTG
119.87,14176,25,12,3669,10,1044,SAX
119.88,5428,10,28,8318,1,2048,PXTG
120.9,16782,26,31,1572,14,722,SAX
121.4,13377,13,10,3781,6,1933,PXTG
121.67,15297,18,19,6490,4,1264,PXTG
121.8,4197,17,21,4762,6,1247,PXTG
122.26,11980,12,30,8004,2,1376,PXTG
122.46,4392,17,19,4887,1,2447,PXTG
122.54,12348,22,45,7843,16,2640,SAX
122.57,13067,21,9,3823,12,1937,SAX
122.81,4141,12,43,6634,1,2149,PXTG
123.42,4098,12,20,723,2,1640,PXTG
123.75,17071,2,25,3532,12,1501,SAX
124.41,4995,23,19,8692,6,1320,PXTG
125.08,6382,22,20,5165,2,2158,PXTG
125.08,10835,24,37,6035,8,2304,PXTG
125.42,11296,20,47,7545,4,1757,PXTG
125.5,13693,4,8,8352,16,1028,SAX
125.68,16787,5,43,8049,16,1438,SAX
125.87,5954,22,45,5416,6,1181,PXTG
126.32,6489,6,46,1183,14,1864,SAX
126.52,15442,19,37,2100,6,1398,PXTG
126.61,13909,27,28,4855,16,1620,SAX
126.87,7554,29,19,924,16,1149,SAX
127.12,16517,21,44,4794,2,2329,PXTG
127.52,6497,18,25,3109,4,1562,PXTG
127.53,11042,4,57,803,12,1421,SAX
127.68,18531,21,57,5525,14,1888,SAX
127.91,8074,25,13,1801,2,1632,PXTG
127.97,14118,18,48,8440,6,1739,PXTG
128.08,7485,6,6,2061,16,1130,SAX
128.18,3763,21,42,1025,1,2563,PXTG
128.19,7961,19,52,6474,14,1753,SAX
128.65,16977,10,15,5240,4,1280,PXTG
130.14,9254,23,35,6206,4,1815,PXTG
130.29,15851,18,27,9447,14,1122,SAX
130.44,3743,19,14,2780,8,2238,PXTG
130.44,15004,12,16,8542,1,2351,PXTG
130.54,4907,28,54,7762,12,2055,SAX
130.95,5856,17,36,6133,2,1505,PXTG
131.1,18675,10,11,4817,1,1811,PXTG
131.14,9802,11,53,3293,10,1146,SAX
131.75,6397,22,17,2255,8,1464,PXTG
131.75,11850,24,25,882,16,581,SAX
132.11,17197,8,26,8275,2,2876,PXTG
132.46,14031,18,25,2431,8,1531,PXTG
132.51,9238,2,6,4621,10,562,SAX
132.52,13625,15,18,2473,6,1993,PXTG
132.87,5483,9,43,3693,6,2260,PXTG
133.2,9646,11,42,6520,8,1627,PXTG
133.38,20117,23,10,2095,6,1250,PXTG
133.45,6560,22,35,2182,2,2651,PXTG
133.79,12792,25,32,8304,10,2343,SAX
134.62,10706,12,44,7697,1,1446,PXTG
134.7,15288,15,49,4889,14,1663,SAX
134.78,11729,17,52,9088,14,456,SAX
134.85,12236,18,46,4166,4,2151,PXTG
134.9,16730,13,24,4427,4,1780,PXTG
135.5,7387,16,13,3673,14,1590,SAX
135.76,9917,12,19,4235,12,804,SAX
136.37,18498,24,48,1193,6,1962,PXTG
136.52,6278,22,12,2090,6,1350,PXTG
137.22,15492,5,36,333,16,501,SAX
137.29,13965,17,25,1924,12,1280,SAX
137.54,9002,11,26,6822,6,1804,PXTG
137.73,17368,16,45,4363,4,1714,PXTG
137.96,8309,25,18,8083,16,2293,SAX
138.42,11284,10,45,5572,8,1697,PXTG
138.52,10393,3,44,1240,14,1127,SAX
138.71,20111,11,5,3576,16,1862,SAX
138.87,13482,17,40,7319,4,2136,PXTG
139.15,14147,8,10,2898,16,562,SAX
139.2,11943,15,27,7793,16,2506,SAX
139.29,12841,30,52,8617,12,1644,SAX
139.85,6753,26,8,3584,16,2758,SAX
139.86,6169,6,29,8223,12,1432,SAX
139.97,4512,8,30,6118,12,944,SAX
140.97,13833,9,18,5458,12,875,SAX
140.99,17768,17,48,4270,1,2603,PXTG
141.2,13219,22,46,6449,10,2468,SAX
141.32,4212,22,6,7381,14,1199,SAX
141.54,16022,17,33,7037,6,1902,PXTG
141.92,14973,7,53,6785,16,1684,SAX
142.25,7091,29,8,3112,10,1817,SAX
142.27,20636,8,39,6589,16,2617,SAX
142.31,3731,28,22,7910,14,963,SAX
142.42,17527,13,46,8499,12,1594,SAX
142.51,5404,11,27,549,6,1551,PXTG
142.56,20884,13,41,983,6,2231,PXTG
142.88,5179,11,24,4692,4,1858,PXTG
143.33,15376,14,17,7465,6,1957,PXTG
143.59,4997,19,39,3405,8,2082,PXTG
143.72,11677,17,4,1229,16,2433,SAX
143.85,16231,17,41,2695,14,1626,SAX
143.9,5176,19,10,8352,16,1396,SAX
144.16,20387,30,53,8963,10,2523,SAX
144.3,9749,3,40,2009,10,2897,SAX
144.33,6666,8,16,7238,2,2126,PXTG
144.46,4501,15,60,8484,16,2276,SAX
144.59,15983,4,56,185,10,2916,SAX
144.68,10785,18,18,916,2,3017,PXTG
144.72,20948,8,22,1590,2,2831,PXTG
144.91,8695,18,23,5561,4,2434,PXTG
145.11,16408,22,22,675,1,2843,PXTG
145.5,9903,25,17,6246,8,1684,PXTG
145.68,9644,28,52,8044,16,1137,SAX
145.8,9650,19,29,3439,8,1054,PXTG
145.85,16338,21,41,7735,4,2526,PXTG
145.9,11394,11,47,5617,14,1273,SAX
145.92,8648,16,12,5419,6,2849,PXTG
146.1,10995,15,20,5254,6,2772,PXTG
146.16,16184,12,25,3141,4,1461,PXTG
147.1,16234,12,41,6352,4,1401,PXTG
147.14,20855,25,19,6455,14,1831,SAX
147.69,7375,12,19,4590,1,2366,PXTG
147.73,13400,26,13,6706,12,497,SAX
147.96,13910,10,19,874,4,2514,PXTG
148.19,7762,23,57,5865,14,1287,SAX
148.85,19039,11,28,5606,1,1273,PXTG
149.18,10858,6,49,2783,16,992,SAX
149.27,12690,21,17,3211,12,1126,SAX
149.34,21878,17,13,6628,6,1816,PXTG
149.37,7362,13,45,587,6,1858,PXTG
149.4,12003,9,40,1156,4,2326,PXTG
149.62,15393,21,11,6092,2,2375,PXTG
149.74,5347,18,13,3234,8,2318,PXTG
149.86,19622,5,11,545,16,801,SAX
149.94,20699,14,33,6918,2,2163,PXTG
149.97,10020,6,24,7156,16,1376,SAX
150.42,11229,10,13,2589,2,2689,PXTG
150.44,15032,29,6,1983,14,1679,SAX
150.44,7265,12,5,5242,12,1866,SAX
150.81,6234,13,15,4311,4,2438,PXTG
150.94,11291,13,46,3042,4,3045,PXTG
151.26,21552,20,57,5557,16,1917,SAX
151.38,19932,10,8,855,16,415,SAX
151.88,19564,22,12,2096,1,1623,PXTG
152.07,19060,14,16,8129,14,1273,SAX
152.18,11656,17,36,8709,1,1832,PXTG
152.2,8468,18,18,6936,1,1438,PXTG
152.78,23242,11,41,7399,6,2371,PXTG
153.1,18914,15,25,4383,6,2367,PXTG
153.27,11705,26,33,5467,16,1687,SAX
153.44,7419,24,19,3692,2,2962,PXTG
153.58,8490,13,35,1315,6,2297,PXTG
153.74,23910,21,17,1571,4,1361,PXTG
153.92,13327,3,31,8554,16,1673,SAX
153.96,16160,27,50,6980,10,2629,SAX
154.02,19020,14,30,8511,6,2385,PXTG
154.32,9576,15,30,4247,14,2980,SAX
154.48,10376,13,32,6384,2,2899,PXTG
154.58,15860,25,44,7349,2,2835,PXTG
154.61,9821,20,49,3656,4,2258,PXTG
154.66,18273,23,44,1953,4,1532,PXTG
154.93,16436,16,37,7625,8,2127,PXTG